e, e_dot, e_int, stamp, 
0.1441517184056218, 0.01631833725175058, 0.02850397693608935, 161763000000, 
0.1441517184056218, 0.0, 0.02883034368112436, 161763000000, 
0.1441517184056218, 0.0, 0.02883034368112436, 161763000000, 
0.1441517184056218, 0.0, 0.02883034368112436, 161763000000, 
0.1441517184056218, 0.0, 0.02883034368112436, 161763000000, 
0.1441517184056218, 0.0, 0.02883034368112436, 161763000000, 
0.1441517184056218, 0.0, 0.02883034368112436, 161763000000, 
0.1441517184056218, 0.0, 0.02883034368112436, 161763000000, 
0.1441517184056218, 0.0, 0.02883034368112436, 161763000000, 
0.19230009944114057, 0.16049460345172925, 0.03204023575015894, 164925000000, 
0.197804176595755, 0.178841527300444, 0.03561706629616782, 165231000000, 
0.12167658482359434, -0.2354117153918208, 0.03411872405736599, 165571000000, 
0.12167658482359434, -0.25375863924053554, 0.02941048974952958, 165571000000, 
0.08835433595203601, -0.11107416290519441, 0.022113833706614978, 165911000000, 
0.08835433595203601, -0.11107416290519441, 0.01989235044851109, 165911000000, 
0.08835433595203601, 0.0, 0.017670867190407204, 165911000000, 
0.022197934289744703, -0.22052133887430436, 0.013260440412921114, 166183000000, 
0.022197934289744703, -0.22052133887430436, 0.008850013635435028, 166183000000, 
0.022197934289744703, 0.0, 0.004439586857948941, 166183000000, 
0.08192365376049904, 0.1990857315691811, 0.008421301489332563, 166455000000, 
0.08192365376049904, 0.1990857315691811, 0.012403016120716185, 166455000000, 
0.08192365376049904, 0.0, 0.016384730752099806, 166455000000, 
0.03560652102953421, -0.15439044243654942, 0.013296921903368819, 166761000000, 
0.03560652102953421, -0.15439044243654942, 0.010209113054637831, 166761000000, 
0.03560652102953421, 0.0, 0.007121304205906842, 166761000000, 
-0.05028489676219694, -0.28630472597243717, 0.0013952096864580988, 167067000000, 
-0.05028489676219694, -0.28630472597243717, -0.0043308848329906445, 167067000000, 
-0.05028489676219694, 0.0, -0.010056979352439387, 167067000000, 
-0.08653227672882213, -0.12082459988875065, -0.0124734713502144, 167373000000, 
-0.08653227672882213, -0.12082459988875065, -0.014889963347989414, 167373000000, 
-0.08653227672882213, 0.0, -0.017306455345764426, 167373000000, 
-0.08042572475540988, 0.02035517324470752, -0.016899351880870276, 167645000000, 
-0.08042572475540988, 0.02035517324470752, -0.016492248415976126, 167645000000, 
-0.08042572475540988, 0.0, -0.016085144951081976, 167645000000, 
-0.08042572475540988, 0.0, -0.016085144951081976, 167645000000, 
-0.08980844787080522, -0.03127574371798447, -0.016710659825441666, 167985000000, 
-0.08980844787080522, -0.03127574371798447, -0.017336174699801355, 167985000000, 
-0.08980844787080522, 0.0, -0.017961689574161045, 167985000000, 
-0.06266343990636414, 0.09048335988147027, -0.016152022376531638, 168257000000, 
-0.06266343990636414, 0.09048335988147027, -0.014342355178902233, 168257000000, 
-0.06266343990636414, 0.0, -0.012532687981272828, 168257000000, 
-0.03006490871952172, 0.10866177062280806, -0.010359452568816666, 168563000000, 
-0.03006490871952172, 0.10866177062280806, -0.008186217156360505, 168563000000, 
-0.03006490871952172, 0.0, -0.006012981743904344, 168563000000, 
-0.028349807451251374, 0.0057170042275678234, -0.005898641659352988, 168869000000, 
-0.028349807451251374, 0.0057170042275678234, -0.005784301574801631, 168869000000, 
-0.028349807451251374, 0.0, -0.005669961490250275, 168869000000, 
0.030146203962716722, 0.194986704713227, -0.001770227395985735, 169175000000, 
0.030146203962716722, 0.194986704713227, 0.0021295066982788048, 169175000000, 
0.030146203962716722, 0.0, 0.006029240792543344, 169175000000, 
-0.015104607079282628, -0.1508360368066645, 0.0030125200564100544, 169447000000, 
-0.015104607079282628, -0.1508360368066645, -4.2006797232356044e-06, 169447000000, 
-0.015104607079282628, 0.0, -0.0030209214158565256, 169447000000, 
0.006615205983550698, 0.07239937687611109, -0.0015729338783343038, 169787000000, 
0.006615205983550698, 0.07239937687611109, -0.0001249463408120821, 169787000000, 
0.006615205983550698, 0.0, 0.0013230411967101396, 169787000000, 
0.006615205983550698, 0.0, 0.0013230411967101396, 169787000000, 
-0.04127024072921914, -0.1596181557092328, -0.0018693219174745165, 170025000000, 
-0.04127024072921914, -0.1596181557092328, -0.0050616850316591725, 170025000000, 
-0.04127024072921914, 0.0, -0.008254048145843828, 170025000000, 
-0.032416249661630925, 0.029513303558627395, -0.0076637820746712805, 170365000000, 
-0.032416249661630925, 0.029513303558627395, -0.007073516003498733, 170365000000, 
-0.032416249661630925, 0.0, -0.006483249932326185, 170365000000, 
-0.03859300002229826, -0.020589167868891128, -0.006895033289704007, 170637000000, 
-0.03859300002229826, -0.020589167868891128, -0.00730681664708183, 170637000000, 
-0.03859300002229826, 0.0, -0.007718600004459652, 170637000000, 
0.03690633736278848, 0.25166445795028913, -0.00268531084545387, 170977000000, 
0.03690633736278848, 0.25166445795028913, 0.002347978313551913, 170977000000, 
0.03690633736278848, 0.0, 0.007381267472557696, 170977000000, 
0.03690633736278848, 0.0, 0.007381267472557696, 170977000000, 
0.04309848334334321, 0.0206404866018491, 0.007794077204594677, 171317000000, 
0.04309848334334321, 0.0206404866018491, 0.00820688693663166, 171317000000, 
0.04309848334334321, 0.0, 0.008619696668668641, 171317000000, 
-0.00015782608677805676, -0.14418769810040422, 0.005735942706660557, 171623000000, 
-0.00015782608677805676, -0.14418769810040422, 0.002852188744652473, 171623000000, 
-0.00015782608677805676, 0.0, -3.1565217355611354e-05, 171623000000, 
-0.00015782608677805676, 0.0, -3.1565217355611354e-05, 171623000000, 
-0.052588742331961535, -0.17476972081727826, -0.0035269596337011767, 171963000000, 
-0.052588742331961535, -0.17476972081727826, -0.007022354050046742, 171963000000, 
-0.052588742331961535, 0.0, -0.010517748466392307, 171963000000, 
-0.008751886812327525, 0.14612285173211337, -0.00759529143175004, 172269000000, 
-0.008751886812327525, 0.14612285173211337, -0.004672834397107773, 172269000000, 
-0.008751886812327525, 0.0, -0.0017503773624655049, 172269000000, 
0.015093005087812417, 0.07948297300046647, -0.00016071790245617557, 172575000000, 
0.015093005087812417, 0.07948297300046647, 0.0014289415575531538, 172575000000, 
0.015093005087812417, 0.0, 0.0030186010175624832, 172575000000, 
0.025381188816857803, 0.03429394576348462, 0.0037044799328321758, 172915000000, 
0.025381188816857803, 0.03429394576348462, 0.004390358848101868, 172915000000, 
0.025381188816857803, 0.0, 0.00507623776337156, 172915000000, 
-0.04102816277170862, -0.22136450529522142, 0.0006489476574671323, 173187000000, 
-0.04102816277170862, -0.22136450529522142, -0.003778342448437296, 173187000000, 
-0.04102816277170862, 0.0, -0.008205632554341724, 173187000000, 
-0.04102816277170862, 0.0, -0.008205632554341724, 173187000000, 
-0.019664606673427842, 0.07121185366093592, -0.006781395481123005, 173527000000, 
-0.019664606673427842, 0.07121185366093592, -0.005357158407904287, 173527000000, 
-0.019664606673427842, 0.0, -0.003932921334685568, 173527000000, 
-0.02296585599954981, -0.011004164420406562, -0.0041530046230937, 173799000000, 
-0.02296585599954981, -0.011004164420406562, -0.004373087911501831, 173799000000, 
-0.02296585599954981, 0.0, -0.004593171199909962, 173799000000, 
0.009638854764588034, 0.10868236921379282, -0.002419523815634106, 174139000000, 
0.009638854764588034, 0.10868236921379282, -0.00024587643135824954, 174139000000, 
0.009638854764588034, 0.0, 0.0019277709529176067, 174139000000, 
0.015673679919002925, 0.020116083848049637, 0.0023300926298785996, 174411000000, 
0.015673679919002925, 0.020116083848049637, 0.002732414306839592, 174411000000, 
0.015673679919002925, 0.0, 0.003134735983800585, 174411000000, 
0.015673679919002925, 0.0, 0.003134735983800585, 174411000000, 
-0.046747415439778006, -0.2080703178626031, -0.0010266703734514771, 174785000000, 
-0.046747415439778006, -0.2080703178626031, -0.005188076730703539, 174785000000, 
-0.046747415439778006, 0.0, -0.009349483087955602, 174785000000, 
-0.02986334041802019, 0.05628025007252605, -0.00822387808650508, 175057000000, 
-0.02986334041802019, 0.05628025007252605, -0.007098273085054559, 175057000000, 
-0.02986334041802019, 0.0, -0.005972668083604038, 175057000000, 
-0.013449738615247009, 0.05471200600924394, -0.004878427963419159, 175397000000, 
-0.013449738615247009, 0.05471200600924394, -0.0037841878432342806, 175397000000, 
-0.013449738615247009, 0.0, -0.002689947723049402, 175397000000, 
0.014336716416853745, 0.09262151677366919, -0.0008375173875760181, 175669000000, 
0.014336716416853745, 0.09262151677366919, 0.0010149129478973654, 175669000000, 
0.014336716416853745, 0.0, 0.0028673432833707492, 175669000000, 
-0.02335901076943836, -0.125652423954307, 0.0003542948042846087, 175975000000, 
-0.02335901076943836, -0.125652423954307, -0.0021587536748015317, 175975000000, 
-0.02335901076943836, 0.0, -0.004671802153887672, 175975000000, 
0.04619573472649652, 0.23184915165311626, -3.481912082534677e-05, 176315000000, 
0.04619573472649652, 0.23184915165311626, 0.004602163912236978, 176315000000, 
0.04619573472649652, 0.0, 0.009239146945299304, 176315000000, 
0.01978266239127957, -0.08804357445072315, 0.00747827545628484, 176587000000, 
0.01978266239127957, -0.08804357445072315, 0.005717403967270377, 176587000000, 
0.01978266239127957, 0.0, 0.0039565324782559145, 176587000000, 
0.01978266239127957, 0.0, 0.0039565324782559145, 176587000000, 
-0.015993662959762567, -0.11925441783680713, 0.0015714441215197716, 176859000000, 
-0.015993662959762567, -0.11925441783680713, -0.0008136442352163709, 176859000000, 
-0.015993662959762567, 0.0, -0.003198732591952513, 176859000000, 
-0.0334011381866377, -0.05802491742291712, -0.0043592309404108555, 177199000000, 
-0.0334011381866377, -0.05802491742291712, -0.005519729288869198, 177199000000, 
-0.0334011381866377, 0.0, -0.00668022763732754, 177199000000, 
-0.030895607340462927, 0.00835176948724925, -0.006513192247582555, 177573000000, 
-0.030895607340462927, 0.00835176948724925, -0.0063461568578375704, 177573000000, 
-0.030895607340462927, 0.0, -0.006179121468092586, 177573000000, 
-0.030895607340462927, 0.0, -0.006179121468092586, 177573000000, 
-0.00728800910170091, 0.07869199412920673, -0.004605281585508451, 177845000000, 
-0.00728800910170091, 0.07869199412920673, -0.0030314417029243166, 177845000000, 
-0.00728800910170091, 0.0, -0.0014576018203401818, 177845000000, 
-0.009439354179200388, -0.007171150258331593, -0.0016010248255068137, 178185000000, 
-0.009439354179200388, -0.007171150258331593, -0.0017444478306734457, 178185000000, 
-0.009439354179200388, 0.0, -0.0018878708358400775, 178185000000, 
0.013377870377270895, 0.07605741518823761, -0.00036672253207532536, 178457000000, 
0.013377870377270895, 0.07605741518823761, 0.001154425771689427, 178457000000, 
0.013377870377270895, 0.0, 0.002675574075454179, 178457000000, 
-0.02722052494530991, -0.1353279844086027, -3.098561271787462e-05, 178763000000, 
-0.02722052494530991, -0.1353279844086027, -0.002737545300889928, 178763000000, 
-0.02722052494530991, 0.0, -0.005444104989061982, 178763000000, 
0.01648010943071565, 0.14566878125341853, -0.002530729363993611, 179035000000, 
0.01648010943071565, 0.14566878125341853, 0.0003826462610747594, 179035000000, 
0.01648010943071565, 0.0, 0.00329602188614313, 179035000000, 
-0.019901436891215818, -0.1212718210731049, 0.0008705854646810322, 179341000000, 
-0.019901436891215818, -0.1212718210731049, -0.0015548509567810656, 179341000000, 
-0.019901436891215818, 0.0, -0.003980287378243163, 179341000000, 
0.012494652900608694, 0.10798696597274837, -0.001820548058788196, 179579000000, 
0.012494652900608694, 0.10798696597274837, 0.0003391912606667713, 179579000000, 
0.012494652900608694, 0.0, 0.0024989305801217387, 179579000000, 
0.012494652900608694, 0.0, 0.0024989305801217387, 179579000000, 
0.017220194876724104, 0.01575180658705137, 0.002813966711862766, 179953000000, 
0.017220194876724104, 0.01575180658705137, 0.0031290028436037932, 179953000000, 
0.017220194876724104, 0.0, 0.003444038975344821, 179953000000, 
0.0043665173874665175, -0.042845591630858625, 0.0025871271427276485, 180225000000, 
0.0043665173874665175, -0.042845591630858625, 0.001730215310110476, 180225000000, 
0.0043665173874665175, 0.0, 0.0008733034774933034, 180225000000, 
-0.031411088365666195, -0.1192586858437757, -0.0015118702393822107, 180565000000, 
-0.031411088365666195, -0.1192586858437757, -0.0038970439562577247, 180565000000, 
-0.031411088365666195, 0.0, -0.006282217673133239, 180565000000, 
0.007649300130317949, 0.1302012949866138, -0.0036781917734009626, 180871000000, 
0.007649300130317949, 0.1302012949866138, -0.0010741658736686866, 180871000000, 
0.007649300130317949, 0.0, 0.0015298600260635897, 180871000000, 
0.007649300130317949, 0.0, 0.0015298600260635897, 180871000000, 
-0.014606096454551576, -0.07418465528289842, 4.616692040562143e-05, 181177000000, 
-0.014606096454551576, -0.07418465528289842, -0.0014375261852523468, 181177000000, 
-0.014606096454551576, 0.0, -0.002921219290910315, 181177000000, 
-0.029689533235155885, -0.05027812260201436, -0.003926781742950603, 181517000000, 
-0.029689533235155885, -0.05027812260201436, -0.00493234419499089, 181517000000, 
-0.029689533235155885, 0.0, -0.005937906647031177, 181517000000, 
-0.03843815237374981, -0.02916206379531309, -0.006521147922937439, 181789000000, 
-0.03843815237374981, -0.02916206379531309, -0.0071043891988437, 181789000000, 
-0.03843815237374981, 0.0, -0.007687630474749962, 181789000000, 
-0.020538979763128573, 0.0596639087020708, -0.006494352300708547, 182129000000, 
-0.020538979763128573, 0.0596639087020708, -0.00530107412666713, 182129000000, 
-0.020538979763128573, 0.0, -0.0041077959526257144, 182129000000, 
0.06573039766348887, 0.28756459142205815, 0.0016434958758154482, 182367000000, 
0.06573039766348887, 0.28756459142205815, 0.007394787704256611, 182367000000, 
0.06573039766348887, 0.0, 0.013146079532697775, 182367000000, 
0.011372720645437928, -0.18119225672683648, 0.009522234398161045, 182741000000, 
0.011372720645437928, -0.18119225672683648, 0.0058983892636243155, 182741000000, 
0.011372720645437928, 0.0, 0.0022745441290875855, 182741000000, 
0.03649386235865726, 0.08373713904406443, 0.003949286909968874, 183013000000, 
0.03649386235865726, 0.08373713904406443, 0.005624029690850163, 183013000000, 
0.03649386235865726, 0.0, 0.007298772471731452, 183013000000, 
0.03649386235865726, 0.0, 0.007298772471731452, 183013000000, 
-0.04901675381279058, -0.28503538723815947, 0.0015980647269682624, 183387000000, 
-0.04901675381279058, -0.28503538723815947, -0.0041026430177949266, 183387000000, 
-0.04901675381279058, 0.0, -0.009803350762558116, 183387000000, 
-0.8003482399063183, -2.504438286978426, -0.059892116502126634, 183625000000, 
-0.8003482399063183, -2.504438286978426, -0.10998088224169515, 183625000000, 
-0.8003482399063183, 0.0, -0.16006964798126366, 183625000000, 
-0.8003482399063183, 0.0, -0.16006964798126366, 183625000000, 
-0.8003482399063183, 0.0, -0.16006964798126366, 183625000000, 
-0.8003482399063183, 0.0, -0.16006964798126366, 183625000000, 
-0.8003482399063183, 0.0, -0.16006964798126366, 183625000000, 
-0.8003482399063183, 0.0, -0.16006964798126366, 183625000000, 
-0.8003482399063183, 0.0, -0.16006964798126366, 183625000000, 
-0.8003482399063183, 0.0, -0.16006964798126366, 183625000000, 
-0.8003482399063183, 0.0, -0.16006964798126366, 183625000000, 
-0.8003482399063183, 0.0, -0.16006964798126366, 183625000000, 
-0.8100394911327008, -0.032304170754608265, -0.1607157313963558, 203855000000, 
-0.8588262393877879, -0.19492666493823196, -0.16461426469512047, 204195000000, 
-0.8584909535972929, -0.16150487488197363, -0.16849044560785212, 204467000000, 
-0.8606745637341016, -0.006161081154378856, -0.17186611711461217, 204773000000, 
-0.8606745637341016, -0.007278700456028926, -0.17198933873769973, 204773000000, 
-0.8606745637341016, 0.0, -0.1721349127468203, 204773000000, 
-0.7652893184123715, 0.31795081773910033, -0.1657758963920383, 205079000000, 
-0.7652893184123715, 0.31795081773910033, -0.1594168800372563, 205079000000, 
-0.7652893184123715, 0.0, -0.15305786368247432, 205079000000, 
-0.6042498705029331, 0.5367981596981278, -0.14232190048851173, 205385000000, 
-0.6042498705029331, 0.5367981596981278, -0.13158593729454918, 205385000000, 
-0.6042498705029331, 0.0, -0.12084997410058662, 205385000000, 
-0.5441326051070137, 0.2003908846530648, -0.11684215640752532, 205657000000, 
-0.5441326051070137, 0.2003908846530648, -0.11283433871446402, 205657000000, 
-0.5441326051070137, 0.0, -0.10882652102140274, 205657000000, 
-0.3026115523635364, 0.8050701758115909, -0.09272511750517091, 205997000000, 
-0.3026115523635364, 0.8050701758115909, -0.07662371398893911, 205997000000, 
-0.3026115523635364, 0.0, -0.06052231047270727, 205997000000, 
-0.3187149510145246, -0.053677995503293996, -0.06159587038277315, 206269000000, 
-0.3187149510145246, -0.053677995503293996, -0.06266943029283903, 206269000000, 
-0.3187149510145246, 0.0, -0.06374299020290491, 206269000000, 
-0.3187149510145246, 0.0, -0.06374299020290491, 206269000000, 
-0.06177930051977276, 0.8564521683158394, -0.04661394683658813, 206609000000, 
-0.06177930051977276, 0.8564521683158394, -0.02948490347027134, 206609000000, 
-0.06177930051977276, 0.0, -0.012355860103954553, 206609000000, 
0.04681462378739926, 0.36197974769057334, -0.005116265150143085, 206881000000, 
0.04681462378739926, 0.36197974769057334, 0.0021233298036683833, 206881000000, 
0.04681462378739926, 0.0, 0.009362924757479851, 206881000000, 
0.1148794673849452, 0.2268828119918198, 0.013900580997316248, 207187000000, 
0.1148794673849452, 0.2268828119918198, 0.018438237237152644, 207187000000, 
0.1148794673849452, 0.0, 0.02297589347698904, 207187000000, 
-0.008987198847363431, -0.41288888744102875, 0.014718115728168465, 207459000000, 
-0.008987198847363431, -0.41288888744102875, 0.006460337979347889, 207459000000, 
-0.008987198847363431, 0.0, -0.0017974397694726862, 207459000000, 
0.07235539954063153, 0.27114199462664984, 0.003625400123060311, 207799000000, 
0.07235539954063153, 0.27114199462664984, 0.009048240015593309, 207799000000, 
0.07235539954063153, 0.0, 0.014471079908126305, 207799000000, 
0.2327320477621012, 0.534588827404899, 0.025162856456224285, 208037000000, 
0.2327320477621012, 0.534588827404899, 0.03585463300432226, 208037000000, 
0.2327320477621012, 0.0, 0.046546409552420245, 208037000000, 
0.3270421168081761, 0.31436689682024954, 0.05283374748882523, 208377000000, 
0.3270421168081761, 0.31436689682024954, 0.05912108542523022, 208377000000, 
0.3270421168081761, 0.0, 0.06540842336163522, 208377000000, 
0.5249174962766527, 0.6595845982282555, 0.07860011532620033, 208615000000, 
0.5249174962766527, 0.6595845982282555, 0.09179180729076544, 208615000000, 
0.5249174962766527, 0.0, 0.10498349925533054, 208615000000, 
0.5628565894106216, 0.12646364377989605, 0.10751277213092847, 208955000000, 
0.5628565894106216, 0.12646364377989605, 0.11004204500652638, 208955000000, 
0.5628565894106216, 0.0, 0.11257131788212431, 208955000000, 
0.5628565894106216, 0.0, 0.11257131788212431, 208955000000, 
0.46674299790845153, -0.32037863834056673, 0.10616374511531299, 209193000000, 
0.46674299790845153, -0.32037863834056673, 0.09975617234850163, 209193000000, 
0.46674299790845153, 0.0, 0.09334859958169031, 209193000000, 
0.5633822218761597, 0.3221307465590273, 0.09979121451287085, 209601000000, 
0.5633822218761597, 0.3221307465590273, 0.10623382944405141, 209601000000, 
0.5633822218761597, 0.0, 0.11267644437523194, 209601000000, 
0.4745852802478834, -0.2959898054275878, 0.10675664826668019, 209873000000, 
0.4745852802478834, -0.2959898054275878, 0.10083685215812843, 209873000000, 
0.4745852802478834, 0.0, 0.09491705604957668, 209873000000, 
0.4459817732400888, -0.09534502335931523, 0.09301015558239037, 210179000000, 
0.4459817732400888, -0.09534502335931523, 0.09110325511520406, 210179000000, 
0.4459817732400888, 0.0, 0.08919635464801776, 210179000000, 
0.3881863863883763, -0.19265128950570828, 0.08534332885790359, 210451000000, 
0.3881863863883763, -0.19265128950570828, 0.08149030306778943, 210451000000, 
0.3881863863883763, 0.0, 0.07763727727767526, 210451000000, 
0.3252858919840156, -0.20966831468120248, 0.07344391098405122, 210791000000, 
0.3252858919840156, -0.20966831468120248, 0.06925054469042717, 210791000000, 
0.3252858919840156, 0.0, 0.06505717839680311, 210791000000, 
0.2553272558881676, -0.23319545365282654, 0.060393269323746585, 211063000000, 
0.2553272558881676, -0.23319545365282654, 0.05572936025069006, 211063000000, 
0.2553272558881676, 0.0, 0.051065451177633524, 211063000000, 
-0.14192094827977697, -1.3241606805598154, 0.02458223756643722, 211403000000, 
-0.14192094827977697, -1.3241606805598154, -0.0019009760447590877, 211403000000, 
-0.14192094827977697, 0.0, -0.028384189655955395, 211403000000, 
-0.22564715373692779, -0.27908735152383607, -0.033965936686432115, 211641000000, 
-0.22564715373692779, -0.27908735152383607, -0.03954768371690884, 211641000000, 
-0.22564715373692779, 0.0, -0.045129430747385554, 211641000000, 
-0.28675702717143814, -0.2036995781150345, -0.049203422309686246, 211981000000, 
-0.28675702717143814, -0.2036995781150345, -0.05327741387198694, 211981000000, 
-0.28675702717143814, 0.0, -0.05735140543428763, 211981000000, 
-0.28675702717143814, 0.0, -0.05735140543428763, 211981000000, 
-0.2626059948655739, 0.08050344101954747, -0.05574133661389668, 212253000000, 
-0.2626059948655739, 0.08050344101954747, -0.05413126779350573, 212253000000, 
-0.2626059948655739, 0.0, -0.05252119897311478, 212253000000, 
-0.41325289245022034, -0.5021563252821548, -0.06256432547875787, 212593000000, 
-0.41325289245022034, -0.5021563252821548, -0.07260745198440097, 212593000000, 
-0.41325289245022034, 0.0, -0.08265057849004406, 212593000000, 
-0.360363821461706, 0.17629690329504788, -0.0791246404241431, 212865000000, 
-0.360363821461706, 0.17629690329504788, -0.07559870235824215, 212865000000, 
-0.360363821461706, 0.0, -0.07207276429234119, 212865000000, 
-0.4408698000132596, -0.26835326183851205, -0.07743982952911144, 213205000000, 
-0.4408698000132596, -0.26835326183851205, -0.08280689476588168, 213205000000, 
-0.4408698000132596, 0.0, -0.08817396000265192, 213205000000, 
-0.4089382807507077, 0.10643839754183963, -0.08604519205181511, 213545000000, 
-0.4089382807507077, 0.10643839754183963, -0.08391642410097833, 213545000000, 
-0.4089382807507077, 0.0, -0.08178765615014155, 213545000000, 
-0.36011490518891964, 0.16274458520596022, -0.07853276444602234, 213783000000, 
-0.36011490518891964, 0.16274458520596022, -0.07527787274190312, 213783000000, 
-0.36011490518891964, 0.0, -0.07202298103778393, 213783000000, 
-0.25336273523574315, 0.3558405665105883, -0.06490616970757217, 214089000000, 
-0.25336273523574315, 0.3558405665105883, -0.0577893583773604, 214089000000, 
-0.25336273523574315, 0.0, -0.05067254704714863, 214089000000, 
-0.17774555094605415, 0.25205728096563, -0.04563140142783603, 214395000000, 
-0.17774555094605415, 0.25205728096563, -0.04059025580852343, 214395000000, 
-0.17774555094605415, 0.0, -0.03554911018921083, 214395000000, 
-0.17774555094605415, 0.0, -0.03554911018921083, 214395000000, 
-0.12112858485768652, 0.1887232202945588, -0.031774645783319656, 214667000000, 
-0.12112858485768652, 0.1887232202945588, -0.02800018137742848, 214667000000, 
-0.12112858485768652, 0.0, -0.024225716971537303, 214667000000, 
-0.09111720387777833, 0.10003793659969396, -0.022224958239543423, 214973000000, 
-0.09111720387777833, 0.10003793659969396, -0.020224199507549546, 214973000000, 
-0.09111720387777833, 0.0, -0.018223440775555665, 214973000000, 
-0.09111720387777833, 0.0, -0.018223440775555665, 214973000000, 
-0.08133890118981246, 0.03259434229321956, -0.017571553929691276, 215245000000, 
-0.08133890118981246, 0.03259434229321956, -0.016919667083826882, 215245000000, 
-0.08133890118981246, 0.0, -0.016267780237962493, 215245000000, 
-0.03720592861195515, 0.1471099085928577, -0.013325582066105339, 215585000000, 
-0.03720592861195515, 0.1471099085928577, -0.010383383894248184, 215585000000, 
-0.03720592861195515, 0.0, -0.00744118572239103, 215585000000, 
-0.07191223135809266, -0.11568767582045836, -0.009754939238800197, 215857000000, 
-0.07191223135809266, -0.11568767582045836, -0.012068692755209364, 215857000000, 
-0.07191223135809266, 0.0, -0.014382446271618532, 215857000000, 
-0.04049706033638778, 0.10471723673901627, -0.012288101536838207, 216163000000, 
-0.04049706033638778, 0.10471723673901627, -0.010193756802057882, 216163000000, 
-0.04049706033638778, 0.0, -0.008099412067277555, 216163000000, 
-0.051414835746596776, -0.03639258470069665, -0.008827263761291488, 216435000000, 
-0.051414835746596776, -0.03639258470069665, -0.009555115455305421, 216435000000, 
-0.051414835746596776, 0.0, -0.010282967149319356, 216435000000, 
-0.013795373952946277, 0.125398205978835, -0.007775003029742655, 216741000000, 
-0.013795373952946277, 0.125398205978835, -0.0052670389101659556, 216741000000, 
-0.013795373952946277, 0.0, -0.0027590747905892553, 216741000000, 
-0.007569136911416252, 0.02075412347176675, -0.0023439923211539203, 217013000000, 
-0.007569136911416252, 0.02075412347176675, -0.0019289098517185853, 217013000000, 
-0.007569136911416252, 0.0, -0.0015138273822832503, 217013000000, 
-0.04064461073548242, -0.1102515794135539, -0.0037188589705543285, 217285000000, 
-0.04064461073548242, -0.1102515794135539, -0.005923890558825406, 217285000000, 
-0.04064461073548242, 0.0, -0.008128922147096485, 217285000000, 
-0.04369818146815485, -0.010178569108908095, -0.008332493529274647, 217591000000, 
-0.04369818146815485, -0.010178569108908095, -0.008536064911452809, 217591000000, 
-0.04369818146815485, 0.0, -0.00873963629363097, 217591000000, 
-0.1651985770988984, -0.4050013187691452, -0.016839662669013874, 217931000000, 
-0.1651985770988984, -0.4050013187691452, -0.024939689044396775, 217931000000, 
-0.1651985770988984, 0.0, -0.03303971541977968, 217931000000, 
-0.20158144524810373, -0.12127622716401776, -0.03546523996306004, 218203000000, 
-0.20158144524810373, -0.12127622716401776, -0.037890764506340394, 218203000000, 
-0.20158144524810373, 0.0, -0.04031628904962074, 218203000000, 
-0.17732841273672129, 0.08084344170460815, -0.03869942021552858, 218543000000, 
-0.17732841273672129, 0.08084344170460815, -0.03708255138143642, 218543000000, 
-0.17732841273672129, 0.0, -0.03546568254734426, 218543000000, 
-0.17395161077353644, 0.0112560065439495, -0.03524056241646526, 218815000000, 
-0.17395161077353644, 0.0112560065439495, -0.03501544228558628, 218815000000, 
-0.17395161077353644, 0.0, -0.03479032215470729, 218815000000, 
-0.10367887556750399, 0.23424245068677482, -0.03010547314097179, 219087000000, 
-0.10367887556750399, 0.23424245068677482, -0.025420624127236294, 219087000000, 
-0.10367887556750399, 0.0, -0.020735775113500797, 219087000000, 
-0.16570361014188129, -0.2067491152479243, -0.024870757418459285, 219393000000, 
-0.16570361014188129, -0.2067491152479243, -0.02900573972341777, 219393000000, 
-0.16570361014188129, 0.0, -0.03314072202837626, 219393000000, 
-0.17981797259569587, -0.04704787484604863, -0.034081679525297226, 219665000000, 
-0.17981797259569587, -0.04704787484604863, -0.0350226370222182, 219665000000, 
-0.17981797259569587, 0.0, -0.03596359451913918, 219665000000, 
-0.15471312161973944, 0.08368283658652147, -0.03428993778740875, 220005000000, 
-0.15471312161973944, 0.08368283658652147, -0.03261628105567831, 220005000000, 
-0.15471312161973944, 0.0, -0.030942624323947888, 220005000000, 
-0.11567982210407257, 0.1301109983855562, -0.028340404356236762, 220243000000, 
-0.11567982210407257, 0.1301109983855562, -0.02573818438852564, 220243000000, 
-0.11567982210407257, 0.0, -0.023135964420814514, 220243000000, 
-0.11567982210407257, 0.0, -0.023135964420814514, 220243000000, 
-0.170640685846153, -0.1832028791402681, -0.026800022003619875, 220549000000, 
-0.170640685846153, -0.1832028791402681, -0.030464079586425236, 220549000000, 
-0.170640685846153, 0.0, -0.0341281371692306, 220549000000, 
-0.17275493199500905, -0.007047487162853509, -0.034269086912487666, 220855000000, 
-0.17275493199500905, -0.007047487162853509, -0.034410036655744734, 220855000000, 
-0.17275493199500905, 0.0, -0.03455098639900181, 220855000000, 
-0.1838488080941147, -0.03697958699701881, -0.03529057813894219, 221161000000, 
-0.1838488080941147, -0.03697958699701881, -0.036030169878882565, 221161000000, 
-0.1838488080941147, 0.0, -0.036769761618822935, 221161000000, 
-0.18248367018626585, 0.004550459692829467, -0.03667875242496635, 221433000000, 
-0.18248367018626585, 0.004550459692829467, -0.03658774323110976, 221433000000, 
-0.18248367018626585, 0.0, -0.03649673403725317, 221433000000, 
-0.12444226448691424, 0.193471352331172, -0.03262730699062973, 221773000000, 
-0.12444226448691424, 0.193471352331172, -0.02875787994400629, 221773000000, 
-0.12444226448691424, 0.0, -0.024888452897382847, 221773000000, 
-0.10199359255943005, 0.0748289064249473, -0.0233918747688839, 222045000000, 
-0.10199359255943005, 0.0748289064249473, -0.02189529664038496, 222045000000, 
-0.10199359255943005, 0.0, -0.02039871851188601, 222045000000, 
-0.05406770105822606, 0.15975297167067998, -0.017203659078472412, 222385000000, 
-0.05406770105822606, 0.15975297167067998, -0.01400859964505881, 222385000000, 
-0.05406770105822606, 0.0, -0.010813540211645212, 222385000000, 
-0.02917895142596935, 0.08296249877418903, -0.009154290236161431, 222657000000, 
-0.02917895142596935, 0.08296249877418903, -0.007495040260677651, 222657000000, 
-0.02917895142596935, 0.0, -0.005835790285193871, 222657000000, 
-0.05649932717100946, -0.09106791915013368, -0.007657148668196544, 222997000000, 
-0.05649932717100946, -0.09106791915013368, -0.009478507051199217, 222997000000, 
-0.05649932717100946, 0.0, -0.01129986543420189, 222997000000, 
-0.08976501293732542, -0.11088561922105318, -0.013517577818622955, 223235000000, 
-0.08976501293732542, -0.11088561922105318, -0.01573529020304402, 223235000000, 
-0.08976501293732542, 0.0, -0.017953002587465083, 223235000000, 
-0.08976501293732542, 0.0, -0.017953002587465083, 223235000000, 
-0.0756689208713847, 0.04698697355313572, -0.01701326311640237, 223575000000, 
-0.0756689208713847, 0.04698697355313572, -0.016073523645339656, 223575000000, 
-0.0756689208713847, 0.0, -0.01513378417427694, 223575000000, 
-0.04418489770500671, 0.10494674388792664, -0.013034849296518406, 223881000000, 
-0.04418489770500671, 0.10494674388792664, -0.010935914418759874, 223881000000, 
-0.04418489770500671, 0.0, -0.008836979541001341, 223881000000, 
-0.021814462805926277, 0.0745681163302681, -0.007345617214395979, 224187000000, 
-0.021814462805926277, 0.0745681163302681, -0.005854254887790618, 224187000000, 
-0.021814462805926277, 0.0, -0.0043628925611852555, 224187000000, 
0.009840493368455556, 0.10551652058127277, -0.0022525621495598, 224459000000, 
0.009840493368455556, 0.10551652058127277, -0.00014223173793434426, 224459000000, 
0.009840493368455556, 0.0, 0.0019680986736911113, 224459000000, 
-0.040282668387550985, -0.16707720585335514, -0.0013734454433759914, 224765000000, 
-0.040282668387550985, -0.16707720585335514, -0.004714989560443095, 224765000000, 
-0.040282668387550985, 0.0, -0.008056533677510197, 224765000000, 
-0.01917379525381102, 0.07036291044579988, -0.0066492754685941995, 225037000000, 
-0.01917379525381102, 0.07036291044579988, -0.0052420172596782015, 225037000000, 
-0.01917379525381102, 0.0, -0.003834759050762204, 225037000000, 
-0.008502621964703715, 0.03557057763035769, -0.0031233474981550505, 225377000000, 
-0.008502621964703715, 0.03557057763035769, -0.0024119359455478965, 225377000000, 
-0.008502621964703715, 0.0, -0.0017005243929407428, 225377000000, 
-0.057788377522981264, -0.16428585186092518, -0.004986241430159246, 225649000000, 
-0.057788377522981264, -0.16428585186092518, -0.008271958467377749, 225649000000, 
-0.057788377522981264, 0.0, -0.011557675504596252, 225649000000, 
-0.02587899736286523, 0.1063646005337201, -0.009430383493921852, 225989000000, 
-0.02587899736286523, 0.1063646005337201, -0.0073030914832474475, 225989000000, 
-0.02587899736286523, 0.0, -0.005175799472573047, 225989000000, 
-0.02587899736286523, 0.0, -0.005175799472573047, 225989000000, 
0.006094851378612237, 0.10657949580492489, -0.0030442095564745483, 226227000000, 
0.006094851378612237, 0.10657949580492489, -0.0009126196403760505, 226227000000, 
0.006094851378612237, 0.0, 0.0012189702757224475, 226227000000, 
0.014552110942393663, 0.028190865212604752, 0.0017827875799745424, 226601000000, 
0.014552110942393663, 0.028190865212604752, 0.0023466048842266376, 226601000000, 
0.014552110942393663, 0.0, 0.002910422188478733, 226601000000, 
0.017271392357689038, 0.009064271384317917, 0.003091707616165091, 226873000000, 
0.017271392357689038, 0.009064271384317917, 0.003272993043851449, 226873000000, 
0.017271392357689038, 0.0, 0.0034542784715378074, 226873000000, 
-0.010654638218062163, -0.09308676858583732, 0.0015925430998210608, 227179000000, 
-0.010654638218062163, -0.09308676858583732, -0.0002691922718956859, 227179000000, 
-0.010654638218062163, 0.0, -0.002130927643612433, 227179000000, 
-0.0068335339285366566, 0.012737014298418356, -0.0018761873576440655, 227451000000, 
-0.0068335339285366566, 0.012737014298418356, -0.0016214470716756984, 227451000000, 
-0.0068335339285366566, 0.0, -0.0013667067857073313, 227451000000, 
-0.009862282817957979, -0.010095829631404409, -0.0015686233783354195, 227757000000, 
-0.009862282817957979, -0.010095829631404409, -0.0017705399709635075, 227757000000, 
-0.009862282817957979, 0.0, -0.0019724565635915957, 227757000000, 
-0.0238198419515516, -0.04652519711197873, -0.0029029605058311704, 228029000000, 
-0.0238198419515516, -0.04652519711197873, -0.0038334644480707445, 228029000000, 
-0.0238198419515516, 0.0, -0.00476396839031032, 228029000000, 
-0.018373686093834277, 0.01815385285905774, -0.004400891333129165, 228335000000, 
-0.018373686093834277, 0.01815385285905774, -0.004037814275948011, 228335000000, 
-0.018373686093834277, 0.0, -0.0036747372187668557, 228335000000, 
-0.04085096992205171, -0.07492427942739142, -0.005173222807314684, 228607000000, 
-0.04085096992205171, -0.07492427942739142, -0.006671708395862513, 228607000000, 
-0.04085096992205171, 0.0, -0.008170193984410342, 228607000000, 
-0.03635031635637048, 0.015002178552270748, -0.007870150413364927, 228947000000, 
-0.03635031635637048, 0.015002178552270748, -0.007570106842319511, 228947000000, 
-0.03635031635637048, 0.0, -0.007270063271274096, 228947000000, 
0.011631970658780154, 0.15994095671716876, -0.004071244136930721, 229253000000, 
0.011631970658780154, 0.15994095671716876, -0.000872425002587345, 229253000000, 
0.011631970658780154, 0.0, 0.002326394131756031, 229253000000, 
0.03126631632593349, 0.06544781889051111, 0.003635350509566253, 229559000000, 
0.03126631632593349, 0.06544781889051111, 0.004944306887376476, 229559000000, 
0.03126631632593349, 0.0, 0.006253263265186698, 229559000000, 
0.041283659164470014, 0.033391142795121745, 0.006921086121089133, 229797000000, 
0.041283659164470014, 0.033391142795121745, 0.0075889089769915685, 229797000000, 
0.041283659164470014, 0.0, 0.008256731832894002, 229797000000, 
0.041283659164470014, 0.0, 0.008256731832894002, 229797000000, 
0.019229260346004827, -0.07351466272821729, 0.006786438578329656, 230137000000, 
0.019229260346004827, -0.07351466272821729, 0.005316145323765311, 230137000000, 
-0.0117079001748784, -0.10312386840294409, 0.0017833747011420835, 230409000000, 
-0.0117079001748784, -0.10312386840294409, -0.00027910266691679825, 230409000000, 
-0.0117079001748784, 0.0, -0.00234158003497568, 230409000000, 
-0.0117079001748784, 0.0, -0.00234158003497568, 230409000000, 
0.010980101189896098, 0.07562667121591499, -0.0008290466106573802, 230681000000, 
0.010980101189896098, 0.07562667121591499, 0.0006834868136609197, 230681000000, 
0.010980101189896098, 0.0, 0.0021960202379792196, 230681000000, 
-0.024661088785223054, -0.1188039665837305, -0.00018005909369539058, 230953000000, 
-0.024661088785223054, -0.1188039665837305, -0.002556138425370001, 230953000000, 
-0.024661088785223054, 0.0, -0.004932217757044611, 230953000000, 
0.03168085363278618, 0.18780647472669743, -0.001176088262510662, 231225000000, 
0.03168085363278618, 0.18780647472669743, 0.0025800412320232872, 231225000000, 
-0.0358369013606776, -0.22505918331154592, 0.001834987060326317, 231531000000, 
-0.0358369013606776, -0.22505918331154592, -0.0026661966059046017, 231531000000, 
-0.0358369013606776, 0.0, -0.007167380272135521, 231531000000, 
-0.0358369013606776, 0.0, -0.007167380272135521, 231531000000, 
0.010619173960834585, 0.15485358440504063, -0.004070308584034708, 231769000000, 
0.010619173960834585, 0.15485358440504063, -0.0009732368959338956, 231769000000, 
0.010619173960834585, 0.0, 0.0021238347921669165, 231769000000, 
-0.020370666654871007, -0.10329946871901863, 5.7845417786544136e-05, 232075000000, 
-0.020370666654871007, -0.10329946871901863, -0.0020081439565938284, 232075000000, 
-0.020370666654871007, 0.0, -0.004074133330974202, 232075000000, 
0.024286589675509576, 0.1488575211012686, -0.0010969829089488292, 232381000000, 
0.024286589675509576, 0.1488575211012686, 0.001880167513076543, 232381000000, 
0.024286589675509576, 0.0, 0.004857317935101915, 232381000000, 
0.026926607830852718, 0.008800060517810473, 0.005033319145458124, 232653000000, 
0.026926607830852718, 0.008800060517810473, 0.0052093203558143345, 232653000000, 
0.026926607830852718, 0.0, 0.005385321566170544, 232653000000, 
3.703167689506461e-05, -0.08963192051319217, 0.0035926831559067, 232959000000, 
3.703167689506461e-05, -0.08963192051319217, 0.0018000447456428565, 232959000000, 
3.703167689506461e-05, 0.0, 7.406335379012922e-06, 232959000000, 
-0.004200775752942495, -0.014126024766125197, -0.00027511415994349104, 233231000000, 
-0.004200775752942495, -0.014126024766125197, -0.0005576346552659951, 233231000000, 
-0.004200775752942495, 0.0, -0.000840155150588499, 233231000000, 
-0.028161892137248352, -0.07987038794768618, -0.0024375629095422227, 233571000000, 
-0.028161892137248352, -0.07987038794768618, -0.004034970668495947, 233571000000, 
-0.028161892137248352, 0.0, -0.005632378427449671, 233571000000, 
-0.00401734253892439, 0.08048183199441321, -0.0040227417875614065, 233843000000, 
-0.00401734253892439, 0.08048183199441321, -0.0024131051476731424, 233843000000, 
-0.00401734253892439, 0.0, -0.000803468507784878, 233843000000, 
0.02165400287889029, 0.08557115139271558, 0.000907954520069434, 234149000000, 
0.02165400287889029, 0.08557115139271558, 0.002619377547923746, 234149000000, 
0.02165400287889029, 0.0, 0.004330800575778058, 234149000000, 
-0.0067839479897553855, -0.09479316956215224, 0.0024349371845350126, 234421000000, 
-0.0067839479897553855, -0.09479316956215224, 0.0005390737932919679, 234421000000, 
-0.0067839479897553855, 0.0, -0.001356789597951077, 234421000000, 
-0.004151986122040663, 0.008773206225715742, -0.0011813254734367622, 234795000000, 
-0.004151986122040663, 0.008773206225715742, -0.0010058613489224474, 234795000000, 
-0.004151986122040663, 0.0, -0.0008303972244081327, 234795000000, 
0.01087993877538484, 0.05010641632475168, 0.00017173110208690094, 235067000000, 
0.01087993877538484, 0.05010641632475168, 0.0011738594285819345, 235067000000, 
0.01087993877538484, 0.0, 0.0021759877550769683, 235067000000, 
0.01087993877538484, 0.0, 0.0021759877550769683, 235067000000, 
-0.003014571386938128, -0.04631503387440989, 0.0012496870775887702, 235373000000, 
-0.003014571386938128, -0.04631503387440989, 0.0003233864001005723, 235373000000, 
-0.003014571386938128, 0.0, -0.0006029142773876256, 235373000000, 
-0.015646171199649714, -0.04210533270903862, -0.001445020931568398, 235679000000, 
-0.015646171199649714, -0.04210533270903862, -0.0022871275857491704, 235679000000, 
-0.015646171199649714, 0.0, -0.0031292342399299425, 235679000000, 
-0.015408003988997283, 0.0007938907021747682, -0.0031133564258864475, 235985000000, 
-0.015408003988997283, 0.0007938907021747682, -0.003097478611842952, 235985000000, 
-0.015408003988997283, 0.0, -0.0030816007977994566, 235985000000, 
-0.004845945259660858, 0.035206862431121415, -0.0023774635491770283, 236257000000, 
-0.004845945259660858, 0.035206862431121415, -0.0016733263005546002, 236257000000, 
-0.004845945259660858, 0.0, -0.0009691890519321715, 236257000000, 
0.017208348941522095, 0.07351431400394318, 0.0005010972281466919, 236597000000, 
0.017208348941522095, 0.07351431400394318, 0.001971383508225555, 236597000000, 
0.017208348941522095, 0.0, 0.0034416697883044188, 236597000000, 
0.01729889677111874, 0.0003018260986554823, 0.0034477063102775285, 236835000000, 
0.01729889677111874, 0.0003018260986554823, 0.0034537428322506383, 236835000000, 
0.01729889677111874, 0.0, 0.0034597793542237476, 236835000000, 
-0.020439780864563536, -0.1257955921189409, 0.0009438675118449294, 237209000000, 
-0.020439780864563536, -0.1257955921189409, -0.001572044330533889, 237209000000, 
-0.020439780864563536, 0.0, -0.004087956172912707, 237209000000, 
-0.015371413174250196, 0.016894558967711134, -0.0037500649935584846, 237447000000, 
-0.015371413174250196, 0.016894558967711134, -0.0034121738142042623, 237447000000, 
-0.015371413174250196, 0.0, -0.003074282634850039, 237447000000, 
0.007499721200032967, 0.07623711458094387, -0.0015495403432311617, 237787000000, 
0.007499721200032967, 0.07623711458094387, -2.4798051612284188e-05, 237787000000, 
0.007499721200032967, 0.0, 0.0014999442400065934, 237787000000, 
0.0032589068339028927, -0.014136047887100246, 0.0012172232822645884, 238059000000, 
0.0032589068339028927, -0.014136047887100246, 0.0009345023245225835, 238059000000, 
0.0032589068339028927, 0.0, 0.0006517813667805785, 238059000000, 
0.0032589068339028927, 0.0, 0.0006517813667805785, 238059000000, 
0.010616582840223451, 0.024525586687735194, 0.0011422931005352823, 238399000000, 
0.010616582840223451, 0.024525586687735194, 0.0016328048342899863, 238399000000, 
0.013654575732865703, 0.010126642975474172, 0.0023258494275541735, 238671000000, 
0.013654575732865703, 0.010126642975474172, 0.0025283822870636567, 238671000000, 
0.013654575732865703, 0.0, 0.0027309151465731408, 238671000000, 
0.013654575732865703, 0.0, 0.0027309151465731408, 238671000000, 
0.0025372299465644373, -0.03705781928767088, 0.0019897587608197227, 238977000000, 
0.0025372299465644373, -0.03705781928767088, 0.0012486023750663052, 238977000000, 
0.0025372299465644373, 0.0, 0.0005074459893128875, 238977000000, 
0.021648710233815933, 0.06370493429083832, 0.0017815446751296537, 239249000000, 
0.021648710233815933, 0.06370493429083832, 0.0030556433609464206, 239249000000, 
0.021648710233815933, 0.0, 0.004329742046763187, 239249000000, 
0.05092572745982076, 0.09759005742001609, 0.006281543195163508, 239589000000, 
0.05092572745982076, 0.09759005742001609, 0.00823334434356383, 239589000000, 
0.05092572745982076, 0.0, 0.010185145491964151, 239589000000, 
-0.7984081317765983, -2.8311128641213963, -0.04643711179046378, 239827000000, 
-0.7984081317765983, -2.8311128641213963, -0.10305936907289172, 239827000000, 
-0.7984081317765983, 0.0, -0.15968162635531966, 239827000000, 
-0.7984081317765983, 0.0, -0.15968162635531966, 239827000000, 
-0.7984081317765983, 0.0, -0.15968162635531966, 239827000000, 
-0.7984081317765983, 0.0, -0.15968162635531966, 239827000000, 
-0.7984081317765983, 0.0, -0.15968162635531966, 239827000000, 
-0.7984081317765983, 0.0, -0.15968162635531966, 239827000000, 
-0.7984081317765983, 0.0, -0.15968162635531966, 239827000000, 
-0.7984081317765983, 0.0, -0.15968162635531966, 239827000000, 
-0.7984081317765983, 0.0, -0.15968162635531966, 239827000000, 
-0.8305460643965649, -0.1071264420665552, -0.16182415519665078, 321835000000, 
-0.8887787111503372, -0.3012352645791298, -0.16784886048823336, 322175000000, 
-0.8862385892560916, -0.18564174953175563, -0.17370422432019958, 322413000000, 
-0.7940459449451887, 0.3157758873504953, -0.17127088302344115, 322685000000, 
-0.7940459449451887, 0.30730881436967633, -0.16495536527643126, 322685000000, 
-0.7940459449451887, 0.0, -0.15880918898903773, 322685000000, 
-0.7066588927396142, 0.29129017401858137, -0.1529833855086661, 322991000000, 
-0.7066588927396142, 0.29129017401858137, -0.14715758202829446, 322991000000, 
-0.7066588927396142, 0.0, -0.14133177854792284, 322991000000, 
-0.6911469819988063, 0.05170636913602644, -0.14029765116520232, 323263000000, 
-0.6911469819988063, 0.05170636913602644, -0.1392635237824818, 323263000000, 
-0.6911469819988063, 0.0, -0.13822939639976126, 323263000000, 
-0.4791049729537906, 0.7068066968167189, -0.12409326246342688, 323569000000, 
-0.4791049729537906, 0.7068066968167189, -0.1099571285270925, 323569000000, 
-0.4791049729537906, 0.0, -0.09582099459075813, 323569000000, 
-0.44368736030854306, 0.11805870881749188, -0.0934598204144083, 323841000000, 
-0.44368736030854306, 0.11805870881749188, -0.09109864623805845, 323841000000, 
-0.44368736030854306, 0.0, -0.08873747206170861, 323841000000, 
-0.23010346544067795, 0.711946316226217, -0.07449854573718427, 324113000000, 
-0.23010346544067795, 0.711946316226217, -0.06025961941265993, 324113000000, 
-0.23010346544067795, 0.0, -0.04602069308813559, 324113000000, 
-0.268975325904247, -0.12957286821189684, -0.04861215045237353, 324419000000, 
-0.268975325904247, -0.12957286821189684, -0.051203607816611464, 324419000000, 
-0.268975325904247, 0.0, -0.0537950651808494, 324419000000, 
-0.10825918360713715, 0.5357204743236995, -0.04308065569437541, 324725000000, 
-0.10825918360713715, 0.5357204743236995, -0.03236624620790142, 324725000000, 
-0.10825918360713715, 0.0, -0.021651836721427432, 324725000000, 
-0.11723946675365904, -0.029934277155072946, -0.02225052226452889, 325031000000, 
-0.11723946675365904, -0.029934277155072946, -0.022849207807630348, 325031000000, 
-0.11723946675365904, 0.0, -0.02344789335073181, 325031000000, 
0.06460663281901202, 0.6061536652422369, -0.01132482004588707, 325303000000, 
0.06460663281901202, 0.6061536652422369, 0.000798253258957667, 325303000000, 
0.06460663281901202, 0.0, 0.012921326563802404, 325303000000, 
-0.020357370310507106, -0.28321334376506374, 0.007257059688501129, 325609000000, 
-0.020357370310507106, -0.28321334376506374, 0.001592792813199854, 325609000000, 
-0.020357370310507106, 0.0, -0.0040714740621014215, 325609000000, 
0.07984955452472509, 0.3340230827841073, 0.002608987593580725, 325881000000, 
0.07984955452472509, 0.3340230827841073, 0.00928944924926287, 325881000000, 
0.07984955452472509, 0.0, 0.01596991090494502, 325881000000, 
0.030535877879388273, -0.1643789221511227, 0.012682332461922562, 326187000000, 
0.030535877879388273, -0.1643789221511227, 0.009394754018900109, 326187000000, 
0.030535877879388273, 0.0, 0.006107175575877655, 326187000000, 
0.24443260128156608, 0.7129890780072593, 0.02036695713602284, 326459000000, 
0.24443260128156608, 0.7129890780072593, 0.03462673869616803, 326459000000, 
0.24443260128156608, 0.0, 0.048886520256313216, 326459000000, 
0.23794658527339352, -0.02162005336057519, 0.04845411918910171, 326765000000, 
0.23794658527339352, -0.02162005336057519, 0.048021718121890204, 326765000000, 
0.30198784765062847, 0.21347087459078318, 0.05185873454649437, 327037000000, 
0.30198784765062847, 0.21347087459078318, 0.05612815203831003, 327037000000, 
0.30198784765062847, 0.0, 0.06039756953012569, 327037000000, 
0.30198784765062847, 0.0, 0.06039756953012569, 327037000000, 
0.17986577118045044, -0.40707358823392675, 0.05225609776544716, 327377000000, 
0.17986577118045044, -0.40707358823392675, 0.044114626000768625, 327377000000, 
0.03461228977001529, -0.48417827136811714, 0.026289588808727744, 327615000000, 
0.03461228977001529, -0.48417827136811714, 0.016606023381365402, 327615000000, 
0.03461228977001529, 0.0, 0.006922457954003058, 327615000000, 
-0.049952612936832175, -0.28188300902282487, 0.0012847977735465606, 327887000000, 
-0.049952612936832175, -0.28188300902282487, -0.004352862406909937, 327887000000, 
-0.049952612936832175, 0.0, -0.009990522587366435, 327887000000, 
-0.024749309967107114, 0.08401100989908354, -0.008310302389384764, 328227000000, 
-0.024749309967107114, 0.08401100989908354, -0.006630082191403094, 328227000000, 
-0.024749309967107114, 0.0, -0.004949861993421423, 328227000000, 
-0.1117807532801306, -0.2901048110434116, -0.010751958214289654, 328465000000, 
-0.1117807532801306, -0.2901048110434116, -0.016554054435157887, 328465000000, 
-0.1117807532801306, 0.0, -0.02235615065602612, 328465000000, 
-0.23290619417464886, -0.4037514696483942, -0.030431180048994002, 328805000000, 
-0.23290619417464886, -0.4037514696483942, -0.03850620944196189, 328805000000, 
-0.23290619417464886, 0.0, -0.046581238834929775, 328805000000, 
-0.22615686867571005, 0.022497751663129357, -0.046131283801667186, 329043000000, 
-0.22615686867571005, 0.022497751663129357, -0.0456813287684046, 329043000000, 
-0.22615686867571005, 0.0, -0.04523137373514201, 329043000000, 
-0.24802599317359553, -0.07289708165961824, -0.04668931536833437, 329383000000, 
-0.24802599317359553, -0.07289708165961824, -0.04814725700152674, 329383000000, 
-0.24802599317359553, 0.0, -0.04960519863471911, 329383000000, 
-0.24802599317359553, 0.0, -0.04960519863471911, 329383000000, 
-0.13060400505209158, 0.39140662707167984, -0.041777066093285506, 329621000000, 
-0.13060400505209158, 0.39140662707167984, -0.03394893355185191, 329621000000, 
-0.13060400505209158, 0.0, -0.026120801010418315, 329621000000, 
-0.23823595334757353, -0.35877316098493983, -0.03329626423011711, 329961000000, 
-0.23823595334757353, -0.35877316098493983, -0.040471727449815906, 329961000000, 
-0.23823595334757353, 0.0, -0.04764719066951471, 329961000000, 
-0.22970129661297478, 0.028448855781995814, -0.04707821355387479, 330267000000, 
-0.22970129661297478, 0.028448855781995814, -0.046509236438234874, 330267000000, 
-0.22970129661297478, 0.0, -0.045940259322594955, 330267000000, 
-0.2694138557422603, -0.13237519709761836, -0.04858776326454732, 330607000000, 
-0.2694138557422603, -0.13237519709761836, -0.051235267206499686, 330607000000, 
-0.2694138557422603, 0.0, -0.05388277114845206, 330607000000, 
-0.24245219611396984, 0.08987219876096815, -0.05208532717323269, 330879000000, 
-0.24245219611396984, 0.08987219876096815, -0.05028788319801333, 330879000000, 
-0.24245219611396984, 0.0, -0.04849043922279397, 330879000000, 
-0.18047861259962716, 0.20657861171447559, -0.044358866988504456, 331185000000, 
-0.18047861259962716, 0.20657861171447559, -0.040227294754214944, 331185000000, 
-0.18047861259962716, 0.0, -0.03609572251992543, 331185000000, 
-0.15978244746044146, 0.06898721713061902, -0.034715978177313055, 331423000000, 
-0.15978244746044146, 0.06898721713061902, -0.03333623383470067, 331423000000, 
-0.15978244746044146, 0.0, -0.03195648949208829, 331423000000, 
-0.05827049518737448, 0.33837317424355656, -0.02518902600721716, 331763000000, 
-0.05827049518737448, 0.33837317424355656, -0.018421562522346027, 331763000000, 
-0.05827049518737448, 0.0, -0.011654099037474896, 331763000000, 
-0.060663371947228484, -0.007976255866180004, -0.011813624154798497, 332035000000, 
-0.060663371947228484, -0.007976255866180004, -0.011973149272122096, 332035000000, 
-0.060663371947228484, 0.0, -0.012132674389445697, 332035000000, 
-0.024616335163033076, 0.12015678928065136, -0.009729538603832669, 332375000000, 
-0.024616335163033076, 0.12015678928065136, -0.007326402818219642, 332375000000, 
-0.024616335163033076, 0.0, -0.004923267032606616, 332375000000, 
-0.024616335163033076, 0.0, -0.004923267032606616, 332375000000, 
0.016201188493310426, 0.13605841218781167, -0.0022020987888503817, 332647000000, 
0.016201188493310426, 0.13605841218781167, 0.0005190694549058516, 332647000000, 
0.016201188493310426, 0.0, 0.003240237698662085, 332647000000, 
0.006490662505767908, -0.03236841995847506, 0.0025928692994925838, 332987000000, 
0.006490662505767908, -0.03236841995847506, 0.0019455009003230828, 332987000000, 
0.006490662505767908, 0.0, 0.0012981325011535815, 332987000000, 
-0.03485291992936346, -0.13781194145043787, -0.001458106327855176, 333259000000, 
-0.03485291992936346, -0.13781194145043787, -0.004214345156863934, 333259000000, 
-0.03485291992936346, 0.0, -0.0069705839858726915, 333259000000, 
-0.046904465266566886, -0.0401718177906781, -0.0077740203416862535, 333565000000, 
-0.046904465266566886, -0.0401718177906781, -0.008577456697499816, 333565000000, 
-0.046904465266566886, 0.0, -0.009380893053313378, 333565000000, 
-0.0792255593189306, -0.10773698017454574, -0.011535632656804292, 333837000000, 
-0.0792255593189306, -0.10773698017454574, -0.013690372260295207, 333837000000, 
-0.0792255593189306, 0.0, -0.01584511186378612, 333837000000, 
-0.0658473626660816, 0.04459398884283002, -0.014953232086929521, 334177000000, 
-0.0658473626660816, 0.04459398884283002, -0.01406135231007292, 334177000000, 
-0.0658473626660816, 0.0, -0.01316947253321632, 334177000000, 
-0.027843473012547415, 0.12667963217844727, -0.010635879889647374, 334415000000, 
-0.027843473012547415, 0.12667963217844727, -0.008102287246078428, 334415000000, 
-0.027843473012547415, 0.0, -0.005568694602509483, 334415000000, 
-0.019047011678388293, 0.02932153778053041, -0.004982263846898875, 334721000000, 
-0.019047011678388293, 0.02932153778053041, -0.004395833091288267, 334721000000, 
-0.019047011678388293, 0.0, -0.0038094023356776583, 334721000000, 
0.018471971945168697, 0.12506327874518997, -0.0013081367607738592, 335027000000, 
0.018471971945168697, 0.12506327874518997, 0.00119312881412994, 335027000000, 
0.018471971945168697, 0.0, 0.0036943943890337394, 335027000000, 
0.010739540793745173, -0.02577477050474508, 0.003178898978938838, 335197000000, 
0.010739540793745173, -0.02577477050474508, 0.0026634035688439363, 335197000000, 
0.010739540793745173, 0.0, 0.0021479081587490343, 335197000000, 
0.010739540793745173, 0.0, 0.0021479081587490343, 335197000000, 
-0.03022042994552221, -0.13653323579755794, -0.0005827565572021243, 335503000000, 
-0.03022042994552221, -0.13653323579755794, -0.003313421273153283, 335503000000, 
-0.03022042994552221, 0.0, -0.006044085989104442, 335503000000, 
-0.0009699974875703177, 0.0975014415265063, -0.004094057158574316, 335843000000, 
-0.0009699974875703177, 0.0975014415265063, -0.0021440283280441895, 335843000000, 
-0.0009699974875703177, 0.0, -0.00019399949751406354, 335843000000, 
-0.033554268879189, -0.10861423797206227, -0.0023662842569553088, 336183000000, 
-0.033554268879189, -0.10861423797206227, -0.004538569016396554, 336183000000, 
-0.033554268879189, 0.0, -0.0067108537758377995, 336183000000, 
0.07123789034762185, 0.34930719742270283, 0.0002752901726162567, 336489000000, 
0.07123789034762185, 0.34930719742270283, 0.007261434121070313, 336489000000, 
0.07123789034762185, 0.0, 0.01424757806952437, 336489000000, 
-0.010969973300991365, -0.27402621216204404, 0.008767053826283488, 336829000000, 
-0.010969973300991365, -0.27402621216204404, 0.0032865295830426075, 336829000000, 
-0.010969973300991365, 0.0, -0.002193994660198273, 336829000000, 
-0.010969973300991365, 0.0, -0.002193994660198273, 336829000000, 
0.025600736080306552, 0.1219023646043264, 0.00024405263188825483, 337101000000, 
0.025600736080306552, 0.1219023646043264, 0.0026820999239747824, 337101000000, 
0.025600736080306552, 0.0, 0.005120147216061311, 337101000000, 
0.025600736080306552, 0.0, 0.005120147216061311, 337101000000, 
0.04364292285566429, 0.060140622584525794, 0.0063229596677518264, 337475000000, 
0.04364292285566429, 0.060140622584525794, 0.007525772119442342, 337475000000, 
0.04364292285566429, 0.0, 0.008728584571132857, 337475000000, 
-0.043435713783899654, -0.2902621221318798, 0.0029233421284952615, 337849000000, 
-0.043435713783899654, -0.2902621221318798, -0.0028819003141423347, 337849000000, 
-0.043435713783899654, 0.0, -0.00868714275677993, 337849000000, 
-0.043435713783899654, 0.0, -0.00868714275677993, 337849000000, 
-0.04176485109431227, 0.005569542298624608, -0.00857575191080744, 338121000000, 
-0.04176485109431227, 0.005569542298624608, -0.008464361064834947, 338121000000, 
-0.04176485109431227, 0.0, -0.008352970218862454, 338121000000, 
-0.06675768801140158, -0.0833094563902977, -0.010019159346668409, 338427000000, 
-0.06675768801140158, -0.0833094563902977, -0.011685348474474362, 338427000000, 
-0.06675768801140158, 0.0, -0.013351537602280316, 338427000000, 
-0.06675768801140158, 0.0, -0.013351537602280316, 338427000000, 
-0.01846516941797738, 0.16097506197808067, -0.010132036362718703, 338801000000, 
-0.01846516941797738, 0.16097506197808067, -0.00691253512315709, 338801000000, 
-0.01846516941797738, 0.0, -0.0036930338835954755, 338801000000, 
0.0010966279940849422, 0.06520599137354106, -0.002388914056124654, 339073000000, 
0.0010966279940849422, 0.06520599137354106, -0.0010847942286538329, 339073000000, 
0.0010966279940849422, 0.0, 0.00021932559881698843, 339073000000, 
0.0027379620146041894, 0.0054711134017308245, 0.00032874786685160493, 339413000000, 
0.0027379620146041894, 0.0054711134017308245, 0.0004381701348862214, 339413000000, 
0.0027379620146041894, 0.0, 0.0005475924029208379, 339413000000, 
0.014204459792658275, 0.038221659260180285, 0.0013120255881244435, 339685000000, 
0.014204459792658275, 0.038221659260180285, 0.0020764587733280494, 339685000000, 
0.014204459792658275, 0.0, 0.002840891958531655, 339685000000, 
0.004957117625361329, -0.030824473890989818, 0.0022244024807118587, 339991000000, 
0.004957117625361329, -0.030824473890989818, 0.0016079130028920621, 339991000000, 
0.004957117625361329, 0.0, 0.0009914235250722658, 339991000000, 
0.017990702757483712, 0.043445283773741274, 0.0018603292005470913, 340263000000, 
0.017990702757483712, 0.043445283773741274, 0.002729234876021917, 340263000000, 
0.017990702757483712, 0.0, 0.0035981405514967425, 340263000000, 
0.017990702757483712, 0.0, 0.0035981405514967425, 340263000000, 
-0.011473293636507842, -0.09821332131330518, 0.0016338741252306388, 340637000000, 
-0.011473293636507842, -0.09821332131330518, -0.0003303923010354648, 340637000000, 
-0.011473293636507842, 0.0, -0.0022946587273015686, 340637000000, 
0.0022789996121506118, 0.04584097749552818, -0.0013778391773910047, 340909000000, 
0.0022789996121506118, 0.04584097749552818, -0.0004610196274804412, 340909000000, 
0.0022789996121506118, 0.0, 0.00045579992243012236, 340909000000, 
0.00409230954905726, 0.006044366456355495, 0.0005766872515572323, 341215000000, 
0.00409230954905726, 0.006044366456355495, 0.0006975745806843421, 341215000000, 
0.00409230954905726, 0.0, 0.000818461909811452, 341215000000, 
0.018787945464281197, 0.048985453050746454, 0.001798170970826381, 341487000000, 
0.018787945464281197, 0.048985453050746454, 0.0027778800318413103, 341487000000, 
0.018787945464281197, 0.0, 0.003757589092856239, 341487000000, 
-0.011328345736047574, -0.10038763733442924, 0.0017498363461676547, 341827000000, 
-0.011328345736047574, -0.10038763733442924, -0.00025791640052093, 341827000000, 
-0.011328345736047574, 0.0, -0.0022656691472095146, 341827000000, 
0.025018852294225846, 0.12115732676757807, 0.0001574773881420466, 342099000000, 
0.025018852294225846, 0.12115732676757807, 0.0025806239234936077, 342099000000, 
0.025018852294225846, 0.0, 0.00500377045884517, 342099000000, 
-0.008793470381374346, -0.11270774225200064, 0.0027496156138051564, 342439000000, 
-0.008793470381374346, -0.11270774225200064, 0.0004954607687651435, 342439000000, 
-0.008793470381374346, 0.0, -0.0017586940762748693, 342439000000, 
-0.016814208714574175, -0.026735794443999428, -0.0022934099651548577, 342711000000, 
-0.016814208714574175, -0.026735794443999428, -0.0028281258540348462, 342711000000, 
-0.016814208714574175, 0.0, -0.0033628417429148348, 342711000000, 
-0.0035304581759874054, 0.0442791684619559, -0.002477258373675717, 343017000000, 
-0.0035304581759874054, 0.0442791684619559, -0.001591675004436599, 343017000000, 
-0.0035304581759874054, 0.0, -0.000706091635197481, 343017000000, 
-0.003450809030586477, 0.0002654971513364283, -0.0007007816921707525, 343289000000, 
-0.003450809030586477, 0.0002654971513364283, -0.000695471749144024, 343289000000, 
-0.003450809030586477, 0.0, -0.0006901618061172954, 343289000000, 
-0.003450809030586477, 0.0, -0.0006901618061172954, 343289000000, 
-0.011998675547327142, -0.02849288838913555, -0.0012600195739000063, 343629000000, 
-0.011998675547327142, -0.02849288838913555, -0.0018298773416827174, 343629000000, 
-0.011998675547327142, 0.0, -0.0023997351094654285, 343629000000, 
0.007572424889095375, 0.06523700145474172, -0.001094995080370594, 343867000000, 
0.007572424889095375, 0.06523700145474172, 0.00020974494872424052, 343867000000, 
0.007572424889095375, 0.0, 0.001514484977819075, 343867000000, 
0.006262453206545393, -0.0043665722751666065, 0.001427153532315743, 344241000000, 
0.006262453206545393, -0.0043665722751666065, 0.0013398220868124106, 344241000000, 
0.006262453206545393, 0.0, 0.0012524906413090785, 344241000000, 
0.0007021943230887118, -0.018534196278188936, 0.0008818067157452999, 344581000000, 
0.0007021943230887118, -0.018534196278188936, 0.000511122790181521, 344581000000, 
0.0007021943230887118, 0.0, 0.00014043886461774236, 344581000000, 
-0.0225808530178937, -0.0776101578032747, -0.0014117642914477516, 344853000000, 
-0.0225808530178937, -0.0776101578032747, -0.0029639674475132457, 344853000000, 
-0.0225808530178937, 0.0, -0.00451617060357874, 344853000000, 
0.005975926094727857, 0.09518926370873852, -0.0026123853294039694, 345125000000, 
0.005975926094727857, 0.09518926370873852, -0.0007086000552291989, 345125000000, 
0.005975926094727857, 0.0, 0.0011951852189455714, 345125000000, 
-0.010648111837714858, -0.05541345977480905, 8.691602344939043e-05, 345431000000, 
-0.010648111837714858, -0.05541345977480905, -0.0010213531720467905, 345431000000, 
-0.010648111837714858, 0.0, -0.0021296223675429716, 345431000000, 
0.017880981968058318, 0.09509697935257726, -0.00022768278049142647, 345703000000, 
0.017880981968058318, 0.09509697935257726, 0.0016742568065601187, 345703000000, 
0.017880981968058318, 0.0, 0.0035761963936116635, 345703000000, 
-0.010134826394312402, -0.09338602787456907, 0.0017084758361202823, 346009000000, 
-0.010134826394312402, -0.09338602787456907, -0.000159244721371099, 346009000000, 
-0.010134826394312402, 0.0, -0.0020269652788624803, 346009000000, 
-0.0016847831144803926, 0.028166810932773362, -0.0014636290602070131, 346281000000, 
-0.0016847831144803926, 0.028166810932773362, -0.0009002928415515458, 346281000000, 
-0.0016847831144803926, 0.0, -0.00033695662289607854, 346281000000, 
-0.013545335879626474, -0.03953517588382027, -0.001127660140572484, 346621000000, 
-0.013545335879626474, -0.03953517588382027, -0.0019183636582488894, 346621000000, 
-0.013545335879626474, 0.0, -0.002709067175925295, 346621000000, 
0.008244839329631937, 0.07263391736419471, -0.0012563888286414007, 346859000000, 
0.008244839329631937, 0.07263391736419471, 0.00019628951864249325, 346859000000, 
0.008244839329631937, 0.0, 0.0016489678659263873, 346859000000, 
0.03177507061820384, 0.07843410429523967, 0.0032176499518311807, 347131000000, 
0.03177507061820384, 0.07843410429523967, 0.004786332037735974, 347131000000, 
0.03177507061820384, 0.0, 0.006355014123640768, 347131000000, 
0.03177507061820384, 0.0, 0.006355014123640768, 347131000000, 
0.009137429679085596, -0.07545880313039414, 0.004845838061032884, 347505000000, 
0.009137429679085596, -0.07545880313039414, 0.003336661998425002, 347505000000, 
0.009137429679085596, 0.0, 0.0018274859358171191, 347505000000, 
0.015587244020771607, 0.02149938113895337, 0.0022574735585961865, 347811000000, 
0.015587244020771607, 0.02149938113895337, 0.0026874611813752537, 347811000000, 
0.015587244020771607, 0.0, 0.0031174488041543214, 347811000000, 
-0.019983121793570868, -0.11856788604780825, 0.0007460910831981563, 348049000000, 
-0.019983121793570868, -0.11856788604780825, -0.0016252666377580087, 348049000000, 
-0.019983121793570868, 0.0, -0.003996624358714174, 348049000000, 
-0.03562306809927729, -0.05213315435235474, -0.005039287445761268, 348389000000, 
-0.03562306809927729, -0.05213315435235474, -0.0060819505328083626, 348389000000, 
-0.03562306809927729, 0.0, -0.007124613619855458, 348389000000, 
0.0050764073245204155, 0.13566491807932568, -0.004411315258268944, 348661000000, 
0.0050764073245204155, 0.13566491807932568, -0.0016980168966824305, 348661000000, 
0.0050764073245204155, 0.0, 0.0010152814649040832, 348661000000, 
-0.03869846651411679, -0.1459162461287907, -0.0019030434576717307, 349001000000, 
-0.03869846651411679, -0.1459162461287907, -0.004821368380247545, 349001000000, 
-0.03869846651411679, 0.0, -0.007739693302823358, 349001000000, 
0.02561618744265215, 0.21438217985589647, -0.003452049705705429, 349273000000, 
0.02561618744265215, 0.21438217985589647, 0.0008355938914125005, 349273000000, 
0.02561618744265215, 0.0, 0.00512323748853043, 349273000000, 
-0.03711470201328737, -0.20910296485313173, 0.0009411781914677953, 349579000000, 
-0.03711470201328737, -0.20910296485313173, -0.0032408811055948394, 349579000000, 
-0.03711470201328737, 0.0, -0.007422940402657474, 349579000000, 
-0.012750636770054058, 0.0812135508107777, -0.0057986693864419195, 349851000000, 
-0.012750636770054058, 0.0812135508107777, -0.004174398370226365, 349851000000, 
-0.012750636770054058, 0.0, -0.0025501273540108117, 349851000000, 
-0.012750636770054058, 0.0, -0.0025501273540108117, 349851000000, 
0.016445472475903333, 0.0973203641531913, -0.0006037200709469855, 350191000000, 
0.016445472475903333, 0.0973203641531913, 0.0013426872121168405, 350191000000, 
0.016445472475903333, 0.0, 0.0032890944951806667, 350191000000, 
0.06478203865824006, 0.16112188727445576, 0.006511532240669781, 350463000000, 
0.06478203865824006, 0.16112188727445576, 0.009733969986158896, 350463000000, 
0.06478203865824006, 0.0, 0.012956407731648011, 350463000000, 
-0.02390703446593867, -0.29563024374726243, 0.0070438028567027635, 350735000000, 
-0.02390703446593867, -0.29563024374726243, 0.0011311979817575147, 350735000000, 
-0.02390703446593867, 0.0, -0.004781406893187734, 350735000000, 
0.007889860717949171, 0.10598965061295947, -0.0026616138809285447, 351041000000, 
0.007889860717949171, 0.10598965061295947, -0.0005418208686693552, 351041000000, 
0.007889860717949171, 0.0, 0.0015779721435898342, 351041000000, 
-0.04372516437852392, -0.17205008365491029, -0.0018630295295083716, 351313000000, 
-0.04372516437852392, -0.17205008365491029, -0.005304031202606577, 351313000000, 
-0.04372516437852392, 0.0, -0.008745032875704783, 351313000000, 
0.049343251605397986, 0.3102280532797397, -0.00254047181010999, 351619000000, 
0.049343251605397986, 0.3102280532797397, 0.0036640892554848036, 351619000000, 
0.049343251605397986, 0.0, 0.009868650321079597, 351619000000, 
-0.008138579757316355, -0.19160610454238114, 0.006036528230231974, 351891000000, 
-0.008138579757316355, -0.19160610454238114, 0.0022044061393843516, 351891000000, 
-0.008138579757316355, 0.0, -0.001627715951463271, 351891000000, 
0.042062736139076184, 0.1673377196546418, 0.001719038441629565, 352231000000, 
0.042062736139076184, 0.1673377196546418, 0.005065792834722401, 352231000000, 
0.042062736139076184, 0.0, 0.008412547227815237, 352231000000, 
0.026887331177542162, -0.05058468320511341, 0.0074008535637129684, 352503000000, 
0.026887331177542162, -0.05058468320511341, 0.0063891598996107, 352503000000, 
0.026887331177542162, 0.0, 0.005377466235508432, 352503000000, 
-0.7726610638824494, -2.6651613168666386, -0.04792576010182434, 352809000000, 
-0.7726610638824494, -2.6651613168666386, -0.1012289864391571, 352809000000, 
-0.7726610638824494, 0.0, -0.15453221277648987, 352809000000, 
-0.7726610638824494, 0.0, -0.15453221277648987, 352809000000, 
-0.7726610638824494, 0.0, -0.15453221277648987, 352809000000, 
-0.7726610638824494, 0.0, -0.15453221277648987, 352809000000, 
-0.7726610638824494, 0.0, -0.15453221277648987, 352809000000, 
-0.7726610638824494, 0.0, -0.15453221277648987, 352809000000, 
-0.7726610638824494, 0.0, -0.15453221277648987, 352809000000, 
-0.7726610638824494, 0.0, -0.15453221277648987, 352809000000, 
-0.7726610638824494, 0.0, -0.15453221277648987, 352809000000, 
-0.7726610638824494, 0.0, -0.15453221277648987, 352809000000, 
-0.8052842908052762, -0.10874408974275607, -0.156707094571345, 359507000000, 
-0.8475732489377394, -0.24970728351763358, -0.16170124024169766, 359813000000, 
-0.8145683256201814, -0.030946782716350835, -0.1644950576908798, 360051000000, 
-0.7140575905612028, 0.4450521945884556, -0.15841327767460822, 360391000000, 
-0.7140575905612028, 0.3350357835299289, -0.14951223378283912, 360391000000, 
-0.7140575905612028, 0.0, -0.14281151811224055, 360391000000, 
-0.7140575905612028, 0.0, -0.14281151811224055, 360391000000, 
-0.6558981406510016, 0.1938648330340039, -0.13893422145156048, 360663000000, 
-0.6558981406510016, 0.1938648330340039, -0.1350569247908804, 360663000000, 
-0.6558981406510016, 0.0, -0.13117962813020032, 360663000000, 
-0.5844097472651253, 0.23829464461958771, -0.12641373523780858, 361003000000, 
-0.5844097472651253, 0.23829464461958771, -0.12164784234541681, 361003000000, 
-0.5844097472651253, 0.0, -0.11688194945302506, 361003000000, 
-0.4212386352449866, 0.5439037067337956, -0.10600387531834915, 361275000000, 
-0.4212386352449866, 0.5439037067337956, -0.09512580118367324, 361275000000, 
-0.4212386352449866, 0.0, -0.08424772704899733, 361275000000, 
-0.31598935482020263, 0.35083093474927995, -0.07723110835401173, 361615000000, 
-0.31598935482020263, 0.35083093474927995, -0.07021448965902613, 361615000000, 
-0.31598935482020263, 0.0, -0.06319787096404053, 361615000000, 
-0.31598935482020263, 0.0, -0.06319787096404053, 361615000000, 
-0.3572304172193319, -0.1374702079970976, -0.06594727512398248, 361887000000, 
-0.3572304172193319, -0.1374702079970976, -0.06869667928392442, 361887000000, 
-0.3572304172193319, 0.0, -0.07144608344386638, 361887000000, 
-0.3099531496399486, 0.15759089193127776, -0.06829426560524082, 362227000000, 
-0.3099531496399486, 0.15759089193127776, -0.06514244776661526, 362227000000, 
-0.3099531496399486, 0.0, -0.06199062992798971, 362227000000, 
-0.2580933143667923, 0.17286611757718764, -0.05853330757644596, 362499000000, 
-0.2580933143667923, 0.17286611757718764, -0.05507598522490221, 362499000000, 
-0.2580933143667923, 0.0, -0.05161866287335846, 362499000000, 
-0.22907229738167567, 0.09673672328372203, -0.049683928407684014, 362805000000, 
-0.22907229738167567, 0.09673672328372203, -0.04774919394200958, 362805000000, 
-0.22907229738167567, 0.0, -0.04581445947633513, 362805000000, 
-0.25383817617601867, -0.08255292931447666, -0.04746551806262467, 363077000000, 
-0.25383817617601867, -0.08255292931447666, -0.0491165766489142, 363077000000, 
-0.25383817617601867, 0.0, -0.05076763523520373, 363077000000, 
-0.2624914098656337, -0.028844112298716713, -0.05134451748117807, 363383000000, 
-0.2624914098656337, -0.028844112298716713, -0.0519213997271524, 363383000000, 
-0.2624914098656337, 0.0, -0.05249828197312673, 363383000000, 
-0.2624914098656337, 0.0, -0.05249828197312673, 363383000000, 
-0.2539641652757876, 0.02842414863282035, -0.05192979900047033, 363655000000, 
-0.2539641652757876, 0.02842414863282035, -0.05136131602781392, 363655000000, 
-0.2539641652757876, 0.0, -0.05079283305515751, 363655000000, 
-0.2297222963217802, 0.08080622984669124, -0.04917670845822369, 363995000000, 
-0.2297222963217802, 0.08080622984669124, -0.04756058386128986, 363995000000, 
-0.2297222963217802, 0.0, -0.045944459264356044, 363995000000, 
-0.15571090020536182, 0.2467046537213946, -0.04101036618992815, 364233000000, 
-0.15571090020536182, 0.2467046537213946, -0.036076273115500254, 364233000000, 
-0.15571090020536182, 0.0, -0.031142180041072363, 364233000000, 
-0.12112258753428318, 0.11529437557026216, -0.028836292529667122, 364607000000, 
-0.12112258753428318, 0.11529437557026216, -0.026530405018261878, 364607000000, 
-0.12112258753428318, 0.0, -0.024224517506856634, 364607000000, 
-0.06169135769544276, 0.1981040994628014, -0.020262435517600607, 364845000000, 
-0.06169135769544276, 0.1981040994628014, -0.01630035352834458, 364845000000, 
-0.06169135769544276, 0.0, -0.012338271539088553, 364845000000, 
-0.013128115410431018, 0.16187747428337249, -0.009100722053421103, 365185000000, 
-0.013128115410431018, 0.16187747428337249, -0.005863172567753653, 365185000000, 
-0.013128115410431018, 0.0, -0.002625623082086204, 365185000000, 
0.026572180858337013, 0.13233432089589345, 2.1063335831665125e-05, 365457000000, 
0.026572180858337013, 0.13233432089589345, 0.002667749753749534, 365457000000, 
0.026572180858337013, 0.0, 0.005314436171667403, 365457000000, 
0.01711728452939143, -0.03151632109648528, 0.004684109749737697, 365729000000, 
0.01711728452939143, -0.03151632109648528, 0.004053783327807992, 365729000000, 
0.01711728452939143, 0.0, 0.003423456905878286, 365729000000, 
0.01127934534608288, -0.019459797277695163, 0.0030342609603243825, 366035000000, 
0.01127934534608288, -0.019459797277695163, 0.0026450650147704794, 366035000000, 
0.01127934534608288, 0.0, 0.0022558690692165762, 366035000000, 
0.021983259757599516, 0.03567971470505545, 0.0029694633633176853, 366341000000, 
0.021983259757599516, 0.03567971470505545, 0.0036830576574187943, 366341000000, 
0.021983259757599516, 0.0, 0.004396651951519903, 366341000000, 
0.0268773399234723, 0.016313600552909275, 0.004722923962578089, 366647000000, 
0.0268773399234723, 0.016313600552909275, 0.005049195973636274, 366647000000, 
0.0268773399234723, 0.0, 0.00537546798469446, 366647000000, 
0.060565354720301556, 0.11229338265609752, 0.00762133563781641, 366919000000, 
0.060565354720301556, 0.11229338265609752, 0.00986720329093836, 366919000000, 
0.060565354720301556, 0.0, 0.012113070944060311, 366919000000, 
0.060565354720301556, 0.0, 0.012113070944060311, 366919000000, 
0.019635057300937397, -0.13643432473121386, 0.009384384449436034, 367259000000, 
0.019635057300937397, -0.13643432473121386, 0.006655697954811757, 367259000000, 
0.019635057300937397, 0.0, 0.0039270114601874795, 367259000000, 
0.02789461141093552, 0.02753184703332708, 0.004477648400854021, 367531000000, 
0.02789461141093552, 0.02753184703332708, 0.005028285341520562, 367531000000, 
0.02789461141093552, 0.0, 0.0055789222821871045, 367531000000, 
0.008753124266664969, -0.06380495714756851, 0.004302823139235734, 367837000000, 
0.008753124266664969, -0.06380495714756851, 0.003026723996284364, 367837000000, 
0.008753124266664969, 0.0, 0.0017506248533329938, 367837000000, 
0.0016844639079440782, -0.023562201195736304, 0.0012793808294182677, 368109000000, 
0.0016844639079440782, -0.023562201195736304, 0.0008081368055035417, 368109000000, 
0.0016844639079440782, 0.0, 0.0003368927815888156, 368109000000, 
0.005349491639521364, 0.012216759105257621, 0.0005812279636939681, 368449000000, 
0.005349491639521364, 0.012216759105257621, 0.0008255631457991205, 368449000000, 
0.005349491639521364, 0.0, 0.0010698983279042729, 368449000000, 
-0.006762001097301518, -0.04037164245607627, 0.0002624654787827474, 368687000000, 
-0.006762001097301518, -0.04037164245607627, -0.000544967370338778, 368687000000, 
-0.006762001097301518, 0.0, -0.0013524002194603036, 368687000000, 
0.019256012325538308, 0.08672671140946608, 0.00038213400872901817, 369027000000, 
0.019256012325538308, 0.08672671140946608, 0.00211666823691834, 369027000000, 
0.019256012325538308, 0.0, 0.0038512024651076613, 369027000000, 
0.020525710102480943, 0.004232325923142118, 0.003935848983570504, 369299000000, 
0.020525710102480943, 0.004232325923142118, 0.004020495502033346, 369299000000, 
0.020525710102480943, 0.0, 0.004105142020496189, 369299000000, 
-0.012153702687083268, -0.10893137596521403, 0.001926514501191908, 369605000000, 
-0.012153702687083268, -0.10893137596521403, -0.0002521130181123728, 369605000000, 
-0.012153702687083268, 0.0, -0.0024307405374166535, 369605000000, 
-0.012153702687083268, 0.0, -0.0024307405374166535, 369605000000, 
-0.0014952472859031118, 0.03552818467060052, -0.0017201768440046432, 369877000000, 
-0.0014952472859031118, 0.03552818467060052, -0.0010096131505926327, 369877000000, 
-0.0014952472859031118, 0.0, -0.00029904945718062237, 369877000000, 
-0.004479337391064764, -0.009946967017205507, -0.0004979887975247324, 370251000000, 
-0.004479337391064764, -0.009946967017205507, -0.0006969281378688426, 370251000000, 
-0.004479337391064764, 0.0, -0.0008958674782129527, 370251000000, 
0.035480508559640356, 0.1331994865023504, 0.0017681222518340551, 370523000000, 
0.035480508559640356, 0.1331994865023504, 0.004432111981881063, 370523000000, 
0.035480508559640356, 0.0, 0.007096101711928071, 370523000000, 
0.04914625682611984, 0.04555249422159827, 0.008007151596360037, 370829000000, 
0.04914625682611984, 0.04555249422159827, 0.008918201480792002, 370829000000, 
0.04914625682611984, 0.0, 0.009829251365223968, 370829000000, 
-0.0007061281875699876, -0.1661746167122994, 0.00650575903097798, 371101000000, 
-0.0007061281875699876, -0.1661746167122994, 0.0031822666967319907, 371101000000, 
-0.0007061281875699876, 0.0, -0.00014122563751399752, 371101000000, 
0.00782817654290957, 0.02844768243493186, 0.0004277280111846397, 371407000000, 
0.00782817654290957, 0.02844768243493186, 0.0009966816598832768, 371407000000, 
0.00782817654290957, 0.0, 0.001565635308581914, 371407000000, 
0.00782817654290957, 0.0, 0.001565635308581914, 371407000000, 
0.0056536990250570796, -0.007248258392841637, 0.0014206701407250813, 371611000000, 
0.0056536990250570796, -0.007248258392841637, 0.0012757049728682485, 371611000000, 
0.0056536990250570796, 0.0, 0.001130739805011416, 371611000000, 
-0.003374823770331936, -0.030095075984630053, 0.0005288382853188148, 371883000000, 
-0.003374823770331936, -0.030095075984630053, -7.306323437378618e-05, 371883000000, 
-0.003374823770331936, 0.0, -0.0006749647540663873, 371883000000, 
-0.02215579875815976, -0.06260324995942608, -0.001927029753254909, 372223000000, 
-0.02215579875815976, -0.06260324995942608, -0.0031790947524434304, 372223000000, 
-0.02215579875815976, 0.0, -0.0044311597516319525, 372223000000, 
-0.02215579875815976, 0.0, -0.0044311597516319525, 372223000000, 
0.015239261192616205, 0.12465019983591989, -0.0019381557549135546, 372495000000, 
0.015239261192616205, 0.12465019983591989, 0.0005548482418048432, 372495000000, 
0.015239261192616205, 0.0, 0.003047852238523241, 372495000000, 
0.015239261192616205, 0.0, 0.003047852238523241, 372495000000, 
0.010171863367951062, -0.016891326082217144, 0.002710025716878898, 372937000000, 
0.010171863367951062, -0.016891326082217144, 0.0023721991952345553, 372937000000, 
0.010171863367951062, 0.0, 0.0020343726735902123, 372937000000, 
0.010171863367951062, 0.0, 0.0020343726735902123, 372937000000, 
0.010171863367951062, 0.0, 0.0020343726735902123, 372937000000, 
0.010171863367951062, 0.0, 0.0020343726735902123, 372937000000, 
0.010171863367951062, 0.0, 0.0020343726735902123, 372937000000, 
0.009061554269884642, -0.003701030326888066, 0.001960352067052451, 373243000000, 
0.009061554269884642, -0.003701030326888066, 0.0018863314605146897, 373243000000, 
0.009061554269884642, 0.0, 0.0018123108539769284, 373243000000, 
0.009061554269884642, 0.0, 0.0018123108539769284, 373243000000, 
0.009061554269884642, 0.0, 0.0018123108539769284, 373243000000, 
0.031671455313652785, 0.07536633681256048, 0.003319637590228138, 373549000000, 
0.031671455313652785, 0.07536633681256048, 0.0048269643264793475, 373549000000, 
0.031671455313652785, 0.0, 0.006334291062730557, 373549000000, 
0.031671455313652785, 0.0, 0.006334291062730557, 373549000000, 
0.0006504750967608608, -0.10340326738963974, 0.004266225714937762, 373923000000, 
0.0006504750967608608, -0.10340326738963974, 0.002198160367144967, 373923000000, 
0.0006504750967608608, 0.0, 0.00013009501935217215, 373923000000, 
0.0006504750967608608, 0.0, 0.00013009501935217215, 373923000000, 
0.0006504750967608608, 0.0, 0.00013009501935217215, 373923000000, 
0.0006504750967608608, 0.0, 0.00013009501935217215, 373923000000, 
0.0006504750967608608, 0.0, 0.00013009501935217215, 373923000000, 
0.0006504750967608608, 0.0, 0.00013009501935217215, 373923000000, 
0.0006504750967608608, 0.0, 0.00013009501935217215, 373923000000, 
0.0006504750967608608, 0.0, 0.00013009501935217215, 373923000000, 
0.0006504750967608608, 0.0, 0.00013009501935217215, 373923000000, 
0.0006504750967608608, 0.0, 0.00013009501935217215, 373923000000, 
0.0006504750967608608, 0.0, 0.00013009501935217215, 373923000000, 
0.0006504750967608608, 0.0, 0.00013009501935217215, 373923000000, 
0.0006504750967608608, 0.0, 0.00013009501935217215, 373923000000, 
0.0006504750967608608, 0.0, 0.00013009501935217215, 373923000000, 
0.0006504750967608608, 0.0, 0.00013009501935217215, 373923000000, 
0.0006504750967608608, 0.0, 0.00013009501935217215, 373923000000, 
0.0006504750967608608, 0.0, 0.00013009501935217215, 373923000000, 
0.01459551084083488, 0.04648345248024673, 0.0010597640689571067, 375453000000, 
0.01459551084083488, 0.04648345248024673, 0.0019894331185620413, 375453000000, 
0.01459551084083488, 0.0, 0.002919102168166976, 375453000000, 
0.0036192026293142554, -0.036587694038402084, 0.0021873482873989345, 375793000000, 
0.0036192026293142554, -0.036587694038402084, 0.0014555944066308927, 375793000000, 
0.0036192026293142554, 0.0, 0.0007238405258628511, 375793000000, 
0.0020892690134370895, -0.005099778719590553, 0.0006218449514710401, 376065000000, 
0.0020892690134370895, -0.005099778719590553, 0.0005198493770792289, 376065000000, 
0.0020892690134370895, 0.0, 0.0004178538026874179, 376065000000, 
0.0020892690134370895, 0.0, 0.0004178538026874179, 376065000000, 
-0.001782333494117605, -0.012905341691848982, 0.00015974696885043827, 376439000000, 
-0.001782333494117605, -0.012905341691848982, -9.835986498654136e-05, 376439000000, 
-0.001782333494117605, 0.0, -0.000356466698823521, 376439000000, 
0.02496009054107029, 0.08914141345062632, 0.0014263615701890053, 376745000000, 
0.02496009054107029, 0.08914141345062632, 0.0032091898392015315, 376745000000, 
0.02496009054107029, 0.0, 0.004992018108214058, 376745000000, 
0.02496009054107029, 0.0, 0.004992018108214058, 376745000000, 
0.02496009054107029, 0.0, 0.004992018108214058, 376745000000, 
0.02496009054107029, 0.0, 0.004992018108214058, 376745000000, 
0.02496009054107029, 0.0, 0.004992018108214058, 376745000000, 
-0.012396449356637085, -0.12452179965902459, 0.0025015821150335665, 377391000000, 
-0.012396449356637085, -0.12452179965902459, 1.1146121853074693e-05, 377391000000, 
-0.012396449356637085, 0.0, -0.002479289871327417, 377391000000, 
0.0029722313159150637, 0.05122893557517383, -0.0014547111598239403, 377697000000, 
0.0029722313159150637, 0.05122893557517383, -0.0004301324483204638, 377697000000, 
0.0029722313159150637, 0.0, 0.0005944462631830127, 377697000000, 
-0.037350576117097134, -0.13440935811004065, -0.0020937408990178005, 378037000000, 
-0.037350576117097134, -0.13440935811004065, -0.004781928061218614, 378037000000, 
-0.037350576117097134, 0.0, -0.0074701152234194265, 378037000000, 
-0.02287551829861645, 0.04825019272826895, -0.006505111368854048, 378343000000, 
-0.02287551829861645, 0.04825019272826895, -0.005540107514288669, 378343000000, 
-0.02287551829861645, 0.0, -0.0045751036597232895, 378343000000, 
-0.02287551829861645, 0.0, -0.0045751036597232895, 378343000000, 
-0.017443173643406418, 0.01810781551736677, -0.004212947349375954, 378649000000, 
-0.017443173643406418, 0.01810781551736677, -0.003850791039028619, 378649000000, 
-0.017443173643406418, 0.0, -0.0034886347286812833, 378649000000, 
-0.017443173643406418, 0.0, -0.0034886347286812833, 378649000000, 
-0.017443173643406418, 0.0, -0.0034886347286812833, 378649000000, 
-0.017443173643406418, 0.0, -0.0034886347286812833, 378649000000, 
-0.017443173643406418, 0.0, -0.0034886347286812833, 378649000000, 
-0.03834579117278647, -0.06967539176460018, -0.004882142563973287, 379295000000, 
-0.03834579117278647, -0.06967539176460018, -0.006275650399265291, 379295000000, 
-0.03834579117278647, 0.0, -0.007669158234557293, 379295000000, 
0.006452698217642272, 0.1493282979680958, -0.004682592275195378, 379635000000, 
0.006452698217642272, 0.1493282979680958, -0.0016960263158334616, 379635000000, 
0.006452698217642272, 0.0, 0.0012905396435284543, 379635000000, 
-0.026238223472880406, -0.10896973896840893, -0.0008888551358397242, 379907000000, 
-0.026238223472880406, -0.10896973896840893, -0.003068249915207903, 379907000000, 
-0.026238223472880406, 0.0, -0.005247644694576082, 379907000000, 
-0.015380972863796583, 0.03619083536361275, -0.004523827987303827, 380247000000, 
-0.015380972863796583, 0.03619083536361275, -0.0038000112800315716, 380247000000, 
-0.015380972863796583, 0.0, -0.0030761945727593165, 380247000000, 
-0.015380972863796583, 0.0, -0.0030761945727593165, 380247000000, 
0.014261927750432335, 0.0988096687140964, -0.0011000011984773886, 380553000000, 
0.014261927750432335, 0.0988096687140964, 0.0008761921758045391, 380553000000, 
0.014261927750432335, 0.0, 0.002852385550086467, 380553000000, 
0.0020489577597508912, -0.040709899968938146, 0.002038187550707704, 380859000000, 
0.0020489577597508912, -0.040709899968938146, 0.0012239895513289412, 380859000000, 
0.0020489577597508912, 0.0, 0.0004097915519501782, 380859000000, 
0.0368632497743846, 0.11604764004877903, 0.0027307443529257587, 381131000000, 
0.0368632497743846, 0.11604764004877903, 0.0050516971539013395, 381131000000, 
0.0368632497743846, 0.0, 0.00737264995487692, 381131000000, 
0.0368632497743846, 0.0, 0.00737264995487692, 381131000000, 
0.03993457781418641, 0.01023776013267271, 0.007577405157530374, 381471000000, 
0.03993457781418641, 0.01023776013267271, 0.007782160360183828, 381471000000, 
0.03993457781418641, 0.0, 0.007986915562837283, 381471000000, 
0.06608143919332932, 0.08715620459714302, 0.009730039654780143, 381777000000, 
0.06608143919332932, 0.08715620459714302, 0.011473163746723003, 381777000000, 
0.06608143919332932, 0.0, 0.013216287838665863, 381777000000, 
0.038289421935832735, -0.0926400575249886, 0.01136348668816609, 382083000000, 
0.038289421935832735, -0.0926400575249886, 0.009510685537666319, 382083000000, 
0.038289421935832735, 0.0, 0.0076578843871665464, 382083000000, 
0.03873963053240104, 0.0015006953218943409, 0.007687898293604434, 382457000000, 
0.03873963053240104, 0.0015006953218943409, 0.007717912200042321, 382457000000, 
0.03873963053240104, 0.0, 0.007747926106480207, 382457000000, 
0.003436779610085594, -0.11767616974105148, 0.005394402711659178, 382729000000, 
0.003436779610085594, -0.11767616974105148, 0.0030408793168381484, 382729000000, 
0.003436779610085594, 0.0, 0.0006873559220171189, 382729000000, 
0.003436779610085594, 0.0, 0.0006873559220171189, 382729000000, 
-0.03462875110389696, -0.12688510237994186, -0.001850346125581718, 383069000000, 
-0.03462875110389696, -0.12688510237994186, -0.004388048173180555, 383069000000, 
-0.03462875110389696, 0.0, -0.006925750220779392, 383069000000, 
-0.024343436735073443, 0.03428438122941172, -0.006240062596191157, 383375000000, 
-0.024343436735073443, 0.03428438122941172, -0.005554374971602923, 383375000000, 
-0.024343436735073443, 0.0, -0.004868687347014689, 383375000000, 
-0.019795321749171535, 0.015160383286339693, -0.004565479681287895, 383681000000, 
-0.019795321749171535, 0.015160383286339693, -0.004262272015561101, 383681000000, 
-0.019795321749171535, 0.0, -0.003959064349834307, 383681000000, 
-0.04360533192906724, -0.07936670059965234, -0.005546398361827354, 383953000000, 
-0.04360533192906724, -0.07936670059965234, -0.0071337323738204, 383953000000, 
-0.04360533192906724, 0.0, -0.008721066385813447, 383953000000, 
-0.04360533192906724, 0.0, -0.008721066385813447, 383953000000, 
-0.04360533192906724, 0.0, -0.008721066385813447, 383953000000, 
-0.04360533192906724, 0.0, -0.008721066385813447, 383953000000, 
-0.04360533192906724, 0.0, -0.008721066385813447, 383953000000, 
-0.04360533192906724, 0.0, -0.008721066385813447, 383953000000, 
-0.04360533192906724, 0.0, -0.008721066385813447, 383953000000, 
-0.04360533192906724, 0.0, -0.008721066385813447, 383953000000, 
-0.04360533192906724, 0.0, -0.008721066385813447, 383953000000, 
-0.04360533192906724, 0.0, -0.008721066385813447, 383953000000, 
-0.04360533192906724, 0.0, -0.008721066385813447, 383953000000, 
-0.04360533192906724, 0.0, -0.008721066385813447, 383953000000, 
-0.04360533192906724, 0.0, -0.008721066385813447, 383953000000, 
-0.04360533192906724, 0.0, -0.008721066385813447, 383953000000, 
-0.04360533192906724, 0.0, -0.008721066385813447, 383953000000, 
-0.04360533192906724, 0.0, -0.008721066385813447, 383953000000, 
-0.04360533192906724, 0.0, -0.008721066385813447, 383953000000, 
-0.04360533192906724, 0.0, -0.008721066385813447, 383953000000, 
-0.04360533192906724, 0.0, -0.008721066385813447, 383953000000, 
-0.04360533192906724, 0.0, -0.008721066385813447, 383953000000, 
-0.04360533192906724, 0.0, -0.008721066385813447, 383953000000, 
-0.04360533192906724, 0.0, -0.008721066385813447, 383953000000, 
-0.04360533192906724, 0.0, -0.008721066385813447, 383953000000, 
-0.04360533192906724, 0.0, -0.008721066385813447, 383953000000, 
-0.04360533192906724, 0.0, -0.008721066385813447, 383953000000, 
-0.04360533192906724, 0.0, -0.008721066385813447, 383953000000, 
-0.04360533192906724, 0.0, -0.008721066385813447, 383953000000, 
-0.04360533192906724, 0.0, -0.008721066385813447, 383953000000, 
-0.04360533192906724, 0.0, -0.008721066385813447, 383953000000, 
-0.04360533192906724, 0.0, -0.008721066385813447, 383953000000, 
-0.04360533192906724, 0.0, -0.008721066385813447, 383953000000, 
-0.04360533192906724, 0.0, -0.008721066385813447, 383953000000, 
-0.04360533192906724, 0.0, -0.008721066385813447, 383953000000, 
-0.04360533192906724, 0.0, -0.008721066385813447, 383953000000, 
-0.04360533192906724, 0.0, -0.008721066385813447, 383953000000, 
-0.04360533192906724, 0.0, -0.008721066385813447, 383953000000, 
-0.04360533192906724, 0.0, -0.008721066385813447, 383953000000, 
-0.04360533192906724, 0.0, -0.008721066385813447, 383953000000, 
-0.04360533192906724, 0.0, -0.008721066385813447, 383953000000, 
-0.04360533192906724, 0.0, -0.008721066385813447, 383953000000, 
-0.04360533192906724, 0.0, -0.008721066385813447, 383953000000, 
-0.04360533192906724, 0.0, -0.008721066385813447, 383953000000, 
-0.04360533192906724, 0.0, -0.008721066385813447, 383953000000, 
-0.04360533192906724, 0.0, -0.008721066385813447, 383953000000, 
-0.04360533192906724, 0.0, -0.008721066385813447, 383953000000, 
-0.04360533192906724, 0.0, -0.008721066385813447, 383953000000, 
-0.04360533192906724, 0.0, -0.008721066385813447, 383953000000, 
-0.04360533192906724, 0.0, -0.008721066385813447, 383953000000, 
-0.04360533192906724, 0.0, -0.008721066385813447, 383953000000, 
-0.04360533192906724, 0.0, -0.008721066385813447, 383953000000, 
-0.04360533192906724, 0.0, -0.008721066385813447, 383953000000, 
-0.04360533192906724, 0.0, -0.008721066385813447, 383953000000, 
-0.04360533192906724, 0.0, -0.008721066385813447, 383953000000, 
-0.04360533192906724, 0.0, -0.008721066385813447, 383953000000, 
-0.04360533192906724, 0.0, -0.008721066385813447, 383953000000, 
-0.04360533192906724, 0.0, -0.008721066385813447, 383953000000, 
-0.04360533192906724, 0.0, -0.008721066385813447, 383953000000, 
-0.04360533192906724, 0.0, -0.008721066385813447, 383953000000, 
-0.04360533192906724, 0.0, -0.008721066385813447, 383953000000, 
-0.04360533192906724, 0.0, -0.008721066385813447, 383953000000, 
-0.04360533192906724, 0.0, -0.008721066385813447, 383953000000, 
-0.04360533192906724, 0.0, -0.008721066385813447, 383953000000, 
-0.04360533192906724, 0.0, -0.008721066385813447, 383953000000, 
-0.04360533192906724, 0.0, -0.008721066385813447, 383953000000, 
-0.04360533192906724, 0.0, -0.008721066385813447, 383953000000, 
-0.04360533192906724, 0.0, -0.008721066385813447, 383953000000, 
-0.04360533192906724, 0.0, -0.008721066385813447, 383953000000, 
-0.04360533192906724, 0.0, -0.008721066385813447, 383953000000, 
-0.04360533192906724, 0.0, -0.008721066385813447, 383953000000, 
-0.04360533192906724, 0.0, -0.008721066385813447, 383953000000, 
-0.04360533192906724, 0.0, -0.008721066385813447, 383953000000, 
-0.04360533192906724, 0.0, -0.008721066385813447, 383953000000, 
-0.04360533192906724, 0.0, -0.008721066385813447, 383953000000, 
-0.04360533192906724, 0.0, -0.008721066385813447, 383953000000, 
-0.04360533192906724, 0.0, -0.008721066385813447, 383953000000, 
-0.04360533192906724, 0.0, -0.008721066385813447, 383953000000, 
-0.04360533192906724, 0.0, -0.008721066385813447, 383953000000, 
-0.04360533192906724, 0.0, -0.008721066385813447, 383953000000, 
-0.04360533192906724, 0.0, -0.008721066385813447, 383953000000, 
-0.04360533192906724, 0.0, -0.008721066385813447, 383953000000, 
-0.04360533192906724, 0.0, -0.008721066385813447, 383953000000, 
-0.04360533192906724, 0.0, -0.008721066385813447, 383953000000, 
-0.04360533192906724, 0.0, -0.008721066385813447, 383953000000, 
-0.04360533192906724, 0.0, -0.008721066385813447, 383953000000, 
-0.04360533192906724, 0.0, -0.008721066385813447, 383953000000, 
-0.04360533192906724, 0.0, -0.008721066385813447, 383953000000, 
-0.04360533192906724, 0.0, -0.008721066385813447, 383953000000, 
-0.04360533192906724, 0.0, -0.008721066385813447, 383953000000, 
-0.04360533192906724, 0.0, -0.008721066385813447, 383953000000, 
-0.04360533192906724, 0.0, -0.008721066385813447, 383953000000, 
-0.04360533192906724, 0.0, -0.008721066385813447, 383953000000, 
-0.04360533192906724, 0.0, -0.008721066385813447, 383953000000, 
-0.04360533192906724, 0.0, -0.008721066385813447, 383953000000, 
-0.04360533192906724, 0.0, -0.008721066385813447, 383953000000, 
-0.04360533192906724, 0.0, -0.008721066385813447, 383953000000, 
-0.04360533192906724, 0.0, -0.008721066385813447, 383953000000, 
-0.04360533192906724, 0.0, -0.008721066385813447, 383953000000, 
-0.04360533192906724, 0.0, -0.008721066385813447, 383953000000, 
-0.04360533192906724, 0.0, -0.008721066385813447, 383953000000, 
-0.04360533192906724, 0.0, -0.008721066385813447, 383953000000, 
-0.04360533192906724, 0.0, -0.008721066385813447, 383953000000, 
-0.04360533192906724, 0.0, -0.008721066385813447, 383953000000, 
-0.04360533192906724, 0.0, -0.008721066385813447, 383953000000, 
-0.04360533192906724, 0.0, -0.008721066385813447, 383953000000, 
-0.04360533192906724, 0.0, -0.008721066385813447, 383953000000, 
-0.04360533192906724, 0.0, -0.008721066385813447, 383953000000, 
-0.04360533192906724, 0.0, -0.008721066385813447, 383953000000, 
-0.04360533192906724, 0.0, -0.008721066385813447, 383953000000, 
-0.04360533192906724, 0.0, -0.008721066385813447, 383953000000, 
-0.04360533192906724, 0.0, -0.008721066385813447, 383953000000, 
-0.04360533192906724, 0.0, -0.008721066385813447, 383953000000, 
-0.04360533192906724, 0.0, -0.008721066385813447, 383953000000, 
-0.04360533192906724, 0.0, -0.008721066385813447, 383953000000, 
-0.04360533192906724, 0.0, -0.008721066385813447, 383953000000, 
-0.04360533192906724, 0.0, -0.008721066385813447, 383953000000, 
-0.04360533192906724, 0.0, -0.008721066385813447, 383953000000, 
-0.04360533192906724, 0.0, -0.008721066385813447, 383953000000, 
-0.04360533192906724, 0.0, -0.008721066385813447, 383953000000, 
-0.04360533192906724, 0.0, -0.008721066385813447, 383953000000, 
-0.04360533192906724, 0.0, -0.008721066385813447, 383953000000, 
-0.04360533192906724, 0.0, -0.008721066385813447, 383953000000, 
-0.04360533192906724, 0.0, -0.008721066385813447, 383953000000, 
-0.04360533192906724, 0.0, -0.008721066385813447, 383953000000, 
-0.04360533192906724, 0.0, -0.008721066385813447, 383953000000, 
-0.04360533192906724, 0.0, -0.008721066385813447, 383953000000, 
-0.04360533192906724, 0.0, -0.008721066385813447, 383953000000, 
-0.04360533192906724, 0.0, -0.008721066385813447, 383953000000, 
-0.04360533192906724, 0.0, -0.008721066385813447, 383953000000, 
-0.04360533192906724, 0.0, -0.008721066385813447, 383953000000, 
-0.04360533192906724, 0.0, -0.008721066385813447, 383953000000, 
-0.04360533192906724, 0.0, -0.008721066385813447, 383953000000, 
-0.04360533192906724, 0.0, -0.008721066385813447, 383953000000, 
-0.04360533192906724, 0.0, -0.008721066385813447, 383953000000, 
-0.04360533192906724, 0.0, -0.008721066385813447, 383953000000, 
-0.04360533192906724, 0.0, -0.008721066385813447, 383953000000, 
-0.04360533192906724, 0.0, -0.008721066385813447, 383953000000, 
-0.04360533192906724, 0.0, -0.008721066385813447, 383953000000, 
-0.04360533192906724, 0.0, -0.008721066385813447, 383953000000, 
-0.04360533192906724, 0.0, -0.008721066385813447, 383953000000, 
-0.04360533192906724, 0.0, -0.008721066385813447, 383953000000, 
-0.04360533192906724, 0.0, -0.008721066385813447, 383953000000, 
-0.04360533192906724, 0.0, -0.008721066385813447, 383953000000, 
-0.04360533192906724, 0.0, -0.008721066385813447, 383953000000, 
-0.04360533192906724, 0.0, -0.008721066385813447, 383953000000, 
-0.04360533192906724, 0.0, -0.008721066385813447, 383953000000, 
-0.04360533192906724, 0.0, -0.008721066385813447, 383953000000, 
-0.04360533192906724, 0.0, -0.008721066385813447, 383953000000, 
-0.04360533192906724, 0.0, -0.008721066385813447, 383953000000, 
-0.04360533192906724, 0.0, -0.008721066385813447, 383953000000, 
-0.04360533192906724, 0.0, -0.008721066385813447, 383953000000, 
-0.04360533192906724, 0.0, -0.008721066385813447, 383953000000, 
-0.04360533192906724, 0.0, -0.008721066385813447, 383953000000, 
-0.04360533192906724, 0.0, -0.008721066385813447, 383953000000, 
-0.04360533192906724, 0.0, -0.008721066385813447, 383953000000, 
-0.04360533192906724, 0.0, -0.008721066385813447, 383953000000, 
-0.04360533192906724, 0.0, -0.008721066385813447, 383953000000, 
-0.04360533192906724, 0.0, -0.008721066385813447, 383953000000, 
-0.04360533192906724, 0.0, -0.008721066385813447, 383953000000, 
-0.04360533192906724, 0.0, -0.008721066385813447, 383953000000, 
-0.04360533192906724, 0.0, -0.008721066385813447, 383953000000, 
-0.04360533192906724, 0.0, -0.008721066385813447, 383953000000, 
-0.04360533192906724, 0.0, -0.008721066385813447, 383953000000, 
-0.04360533192906724, 0.0, -0.008721066385813447, 383953000000, 
-0.04360533192906724, 0.0, -0.008721066385813447, 383953000000, 
-0.04360533192906724, 0.0, -0.008721066385813447, 383953000000, 
-0.04360533192906724, 0.0, -0.008721066385813447, 383953000000, 
-0.04360533192906724, 0.0, -0.008721066385813447, 383953000000, 
-0.04360533192906724, 0.0, -0.008721066385813447, 383953000000, 
-0.04360533192906724, 0.0, -0.008721066385813447, 383953000000, 
-0.04360533192906724, 0.0, -0.008721066385813447, 383953000000, 
-0.04360533192906724, 0.0, -0.008721066385813447, 383953000000, 
-0.04360533192906724, 0.0, -0.008721066385813447, 383953000000, 
-0.04360533192906724, 0.0, -0.008721066385813447, 383953000000, 
-0.04360533192906724, 0.0, -0.008721066385813447, 383953000000, 
-0.04360533192906724, 0.0, -0.008721066385813447, 383953000000, 
-0.04360533192906724, 0.0, -0.008721066385813447, 383953000000, 
-0.04360533192906724, 0.0, -0.008721066385813447, 383953000000, 
-0.04360533192906724, 0.0, -0.008721066385813447, 383953000000, 
-0.04360533192906724, 0.0, -0.008721066385813447, 383953000000, 
-0.04360533192906724, 0.0, -0.008721066385813447, 383953000000, 
-0.04360533192906724, 0.0, -0.008721066385813447, 383953000000, 
-0.04360533192906724, 0.0, -0.008721066385813447, 383953000000, 
-0.04360533192906724, 0.0, -0.008721066385813447, 383953000000, 
-0.04360533192906724, 0.0, -0.008721066385813447, 383953000000, 
-0.04360533192906724, 0.0, -0.008721066385813447, 383953000000, 
-0.04360533192906724, 0.0, -0.008721066385813447, 383953000000, 
-0.04360533192906724, 0.0, -0.008721066385813447, 383953000000, 
-0.04360533192906724, 0.0, -0.008721066385813447, 383953000000, 
-0.04360533192906724, 0.0, -0.008721066385813447, 383953000000, 
-0.04360533192906724, 0.0, -0.008721066385813447, 383953000000, 
-0.04360533192906724, 0.0, -0.008721066385813447, 383953000000, 
-0.04360533192906724, 0.0, -0.008721066385813447, 383953000000, 
-0.04360533192906724, 0.0, -0.008721066385813447, 383953000000, 
-0.04360533192906724, 0.0, -0.008721066385813447, 383953000000, 
-0.04360533192906724, 0.0, -0.008721066385813447, 383953000000, 
-0.04360533192906724, 0.0, -0.008721066385813447, 383953000000, 
-0.04360533192906724, 0.0, -0.008721066385813447, 383953000000, 
-0.04360533192906724, 0.0, -0.008721066385813447, 383953000000, 
-0.04360533192906724, 0.0, -0.008721066385813447, 383953000000, 
-0.04360533192906724, 0.0, -0.008721066385813447, 383953000000, 
-0.04360533192906724, 0.0, -0.008721066385813447, 383953000000, 
-0.04360533192906724, 0.0, -0.008721066385813447, 383953000000, 
-0.04360533192906724, 0.0, -0.008721066385813447, 383953000000, 
-0.04360533192906724, 0.0, -0.008721066385813447, 383953000000, 
-0.04360533192906724, 0.0, -0.008721066385813447, 383953000000, 
-0.04360533192906724, 0.0, -0.008721066385813447, 383953000000, 
-0.04360533192906724, 0.0, -0.008721066385813447, 383953000000, 
-0.04360533192906724, 0.0, -0.008721066385813447, 383953000000, 
-0.04360533192906724, 0.0, -0.008721066385813447, 383953000000, 
-0.04360533192906724, 0.0, -0.008721066385813447, 383953000000, 
-0.04360533192906724, 0.0, -0.008721066385813447, 383953000000, 
-0.04360533192906724, 0.0, -0.008721066385813447, 383953000000, 
-0.04360533192906724, 0.0, -0.008721066385813447, 383953000000, 
-0.04360533192906724, 0.0, -0.008721066385813447, 383953000000, 
-0.04360533192906724, 0.0, -0.008721066385813447, 383953000000, 
-0.04360533192906724, 0.0, -0.008721066385813447, 383953000000, 
-0.04360533192906724, 0.0, -0.008721066385813447, 383953000000, 
-0.04360533192906724, 0.0, -0.008721066385813447, 383953000000, 
-0.04360533192906724, 0.0, -0.008721066385813447, 383953000000, 
-0.04360533192906724, 0.0, -0.008721066385813447, 383953000000, 
-0.04360533192906724, 0.0, -0.008721066385813447, 383953000000, 
-0.04360533192906724, 0.0, -0.008721066385813447, 383953000000, 
-0.04360533192906724, 0.0, -0.008721066385813447, 383953000000, 
-0.04360533192906724, 0.0, -0.008721066385813447, 383953000000, 
-0.04360533192906724, 0.0, -0.008721066385813447, 383953000000, 
-0.04360533192906724, 0.0, -0.008721066385813447, 383953000000, 
-0.04360533192906724, 0.0, -0.008721066385813447, 383953000000, 
-0.04360533192906724, 0.0, -0.008721066385813447, 383953000000, 
-0.04360533192906724, 0.0, -0.008721066385813447, 383953000000, 
-0.04360533192906724, 0.0, -0.008721066385813447, 383953000000, 
-0.04360533192906724, 0.0, -0.008721066385813447, 383953000000, 
-0.04360533192906724, 0.0, -0.008721066385813447, 383953000000, 
-0.04360533192906724, 0.0, -0.008721066385813447, 383953000000, 
-0.04360533192906724, 0.0, -0.008721066385813447, 383953000000, 
-0.04360533192906724, 0.0, -0.008721066385813447, 383953000000, 
-0.04360533192906724, 0.0, -0.008721066385813447, 383953000000, 
-0.04360533192906724, 0.0, -0.008721066385813447, 383953000000, 
-0.04360533192906724, 0.0, -0.008721066385813447, 383953000000, 
-0.04360533192906724, 0.0, -0.008721066385813447, 383953000000, 
-0.04360533192906724, 0.0, -0.008721066385813447, 383953000000, 
-0.04360533192906724, 0.0, -0.008721066385813447, 383953000000, 
-0.04360533192906724, 0.0, -0.008721066385813447, 383953000000, 
-0.04360533192906724, 0.0, -0.008721066385813447, 383953000000, 
-0.04360533192906724, 0.0, -0.008721066385813447, 383953000000, 
-0.04360533192906724, 0.0, -0.008721066385813447, 383953000000, 
-0.04360533192906724, 0.0, -0.008721066385813447, 383953000000, 
-0.04360533192906724, 0.0, -0.008721066385813447, 383953000000, 
-0.04360533192906724, 0.0, -0.008721066385813447, 383953000000, 
-0.04360533192906724, 0.0, -0.008721066385813447, 383953000000, 
-0.04360533192906724, 0.0, -0.008721066385813447, 383953000000, 
-0.04360533192906724, 0.0, -0.008721066385813447, 383953000000, 
-0.04360533192906724, 0.0, -0.008721066385813447, 383953000000, 
-0.04360533192906724, 0.0, -0.008721066385813447, 383953000000, 
-0.04360533192906724, 0.0, -0.008721066385813447, 383953000000, 
-0.04360533192906724, 0.0, -0.008721066385813447, 383953000000, 
-0.04360533192906724, 0.0, -0.008721066385813447, 383953000000, 
-0.04360533192906724, 0.0, -0.008721066385813447, 383953000000, 
-0.04360533192906724, 0.0, -0.008721066385813447, 383953000000, 
-0.04360533192906724, 0.0, -0.008721066385813447, 383953000000, 
-0.04360533192906724, 0.0, -0.008721066385813447, 383953000000, 
-0.04360533192906724, 0.0, -0.008721066385813447, 383953000000, 
-0.04360533192906724, 0.0, -0.008721066385813447, 383953000000, 
-0.04360533192906724, 0.0, -0.008721066385813447, 383953000000, 
-0.04360533192906724, 0.0, -0.008721066385813447, 383953000000, 
-0.04360533192906724, 0.0, -0.008721066385813447, 383953000000, 
-0.04360533192906724, 0.0, -0.008721066385813447, 383953000000, 
-0.04360533192906724, 0.0, -0.008721066385813447, 383953000000, 
-0.04360533192906724, 0.0, -0.008721066385813447, 383953000000, 
-0.04360533192906724, 0.0, -0.008721066385813447, 383953000000, 
-0.04360533192906724, 0.0, -0.008721066385813447, 383953000000, 
-0.04360533192906724, 0.0, -0.008721066385813447, 383953000000, 
-0.04360533192906724, 0.0, -0.008721066385813447, 383953000000, 
-0.04360533192906724, 0.0, -0.008721066385813447, 383953000000, 
-0.04360533192906724, 0.0, -0.008721066385813447, 383953000000, 
-0.04360533192906724, 0.0, -0.008721066385813447, 383953000000, 
-0.04360533192906724, 0.0, -0.008721066385813447, 383953000000, 
-0.04360533192906724, 0.0, -0.008721066385813447, 383953000000, 
-0.04360533192906724, 0.0, -0.008721066385813447, 383953000000, 
-0.04360533192906724, 0.0, -0.008721066385813447, 383953000000, 
-0.04360533192906724, 0.0, -0.008721066385813447, 383953000000, 
-0.04360533192906724, 0.0, -0.008721066385813447, 383953000000, 
-0.04360533192906724, 0.0, -0.008721066385813447, 383953000000, 
-0.04360533192906724, 0.0, -0.008721066385813447, 383953000000, 
-0.04360533192906724, 0.0, -0.008721066385813447, 383953000000, 
-0.04360533192906724, 0.0, -0.008721066385813447, 383953000000, 
-0.04360533192906724, 0.0, -0.008721066385813447, 383953000000, 
-0.04360533192906724, 0.0, -0.008721066385813447, 383953000000, 
-0.04360533192906724, 0.0, -0.008721066385813447, 383953000000, 
-0.04360533192906724, 0.0, -0.008721066385813447, 383953000000, 
-0.04360533192906724, 0.0, -0.008721066385813447, 383953000000, 
-0.04360533192906724, 0.0, -0.008721066385813447, 383953000000, 
-0.04360533192906724, 0.0, -0.008721066385813447, 383953000000, 
-0.04360533192906724, 0.0, -0.008721066385813447, 383953000000, 
-0.04360533192906724, 0.0, -0.008721066385813447, 383953000000, 
-0.04360533192906724, 0.0, -0.008721066385813447, 383953000000, 
-0.04360533192906724, 0.0, -0.008721066385813447, 383953000000, 
-0.04360533192906724, 0.0, -0.008721066385813447, 383953000000, 
-0.04360533192906724, 0.0, -0.008721066385813447, 383953000000, 
-0.04360533192906724, 0.0, -0.008721066385813447, 383953000000, 
-0.04360533192906724, 0.0, -0.008721066385813447, 383953000000, 
-0.04360533192906724, 0.0, -0.008721066385813447, 383953000000, 
-0.04360533192906724, 0.0, -0.008721066385813447, 383953000000, 
-0.04360533192906724, 0.0, -0.008721066385813447, 383953000000, 
-0.04360533192906724, 0.0, -0.008721066385813447, 383953000000, 
-0.04360533192906724, 0.0, -0.008721066385813447, 383953000000, 
-0.04360533192906724, 0.0, -0.008721066385813447, 383953000000, 
-0.04360533192906724, 0.0, -0.008721066385813447, 383953000000, 
-0.04360533192906724, 0.0, -0.008721066385813447, 383953000000, 
-0.04360533192906724, 0.0, -0.008721066385813447, 383953000000, 
-0.04360533192906724, 0.0, -0.008721066385813447, 383953000000, 
-0.04360533192906724, 0.0, -0.008721066385813447, 383953000000, 
-0.04360533192906724, 0.0, -0.008721066385813447, 383953000000, 
-0.04360533192906724, 0.0, -0.008721066385813447, 383953000000, 
-0.04360533192906724, 0.0, -0.008721066385813447, 383953000000, 
-0.04360533192906724, 0.0, -0.008721066385813447, 383953000000, 
-0.04360533192906724, 0.0, -0.008721066385813447, 383953000000, 
-0.04360533192906724, 0.0, -0.008721066385813447, 383953000000, 
-0.04360533192906724, 0.0, -0.008721066385813447, 383953000000, 
-0.04360533192906724, 0.0, -0.008721066385813447, 383953000000, 
-0.04360533192906724, 0.0, -0.008721066385813447, 383953000000, 
-0.04360533192906724, 0.0, -0.008721066385813447, 383953000000, 
-0.04360533192906724, 0.0, -0.008721066385813447, 383953000000, 
-0.04360533192906724, 0.0, -0.008721066385813447, 383953000000, 
-0.04360533192906724, 0.0, -0.008721066385813447, 383953000000, 
-0.04360533192906724, 0.0, -0.008721066385813447, 383953000000, 
-0.04360533192906724, 0.0, -0.008721066385813447, 383953000000, 
-0.04360533192906724, 0.0, -0.008721066385813447, 383953000000, 
-0.04360533192906724, 0.0, -0.008721066385813447, 383953000000, 
-0.04360533192906724, 0.0, -0.008721066385813447, 383953000000, 
-0.04360533192906724, 0.0, -0.008721066385813447, 383953000000, 
-0.04360533192906724, 0.0, -0.008721066385813447, 383953000000, 
-0.04360533192906724, 0.0, -0.008721066385813447, 383953000000, 
-0.04360533192906724, 0.0, -0.008721066385813447, 383953000000, 
-0.04360533192906724, 0.0, -0.008721066385813447, 383953000000, 
-0.04360533192906724, 0.0, -0.008721066385813447, 383953000000, 
-0.04360533192906724, 0.0, -0.008721066385813447, 383953000000, 
-0.04360533192906724, 0.0, -0.008721066385813447, 383953000000, 
-0.04360533192906724, 0.0, -0.008721066385813447, 383953000000, 
-0.04360533192906724, 0.0, -0.008721066385813447, 383953000000, 
-0.04360533192906724, 0.0, -0.008721066385813447, 383953000000, 
-0.04360533192906724, 0.0, -0.008721066385813447, 383953000000, 
-0.04360533192906724, 0.0, -0.008721066385813447, 383953000000, 
-0.04360533192906724, 0.0, -0.008721066385813447, 383953000000, 
-0.04360533192906724, 0.0, -0.008721066385813447, 383953000000, 
-0.04360533192906724, 0.0, -0.008721066385813447, 383953000000, 
-0.04360533192906724, 0.0, -0.008721066385813447, 383953000000, 
-0.04360533192906724, 0.0, -0.008721066385813447, 383953000000, 
-0.04360533192906724, 0.0, -0.008721066385813447, 383953000000, 
-0.04360533192906724, 0.0, -0.008721066385813447, 383953000000, 
-0.04360533192906724, 0.0, -0.008721066385813447, 383953000000, 
-0.04360533192906724, 0.0, -0.008721066385813447, 383953000000, 
-0.04360533192906724, 0.0, -0.008721066385813447, 383953000000, 
-0.04360533192906724, 0.0, -0.008721066385813447, 383953000000, 
-0.04360533192906724, 0.0, -0.008721066385813447, 383953000000, 
-0.04360533192906724, 0.0, -0.008721066385813447, 383953000000, 
-0.04360533192906724, 0.0, -0.008721066385813447, 383953000000, 
-0.04360533192906724, 0.0, -0.008721066385813447, 383953000000, 
-0.04360533192906724, 0.0, -0.008721066385813447, 383953000000, 
-0.04360533192906724, 0.0, -0.008721066385813447, 383953000000, 
-0.04360533192906724, 0.0, -0.008721066385813447, 383953000000, 
-0.04360533192906724, 0.0, -0.008721066385813447, 383953000000, 
-0.04360533192906724, 0.0, -0.008721066385813447, 383953000000, 
-0.04360533192906724, 0.0, -0.008721066385813447, 383953000000, 
-0.04360533192906724, 0.0, -0.008721066385813447, 383953000000, 
-0.04360533192906724, 0.0, -0.008721066385813447, 383953000000, 
-0.04360533192906724, 0.0, -0.008721066385813447, 383953000000, 
-0.04360533192906724, 0.0, -0.008721066385813447, 383953000000, 
-0.04360533192906724, 0.0, -0.008721066385813447, 383953000000, 
-0.04360533192906724, 0.0, -0.008721066385813447, 383953000000, 
-0.04360533192906724, 0.0, -0.008721066385813447, 383953000000, 
-0.04360533192906724, 0.0, -0.008721066385813447, 383953000000, 
-0.04360533192906724, 0.0, -0.008721066385813447, 383953000000, 
-0.04360533192906724, 0.0, -0.008721066385813447, 383953000000, 
-0.04360533192906724, 0.0, -0.008721066385813447, 383953000000, 
-0.04360533192906724, 0.0, -0.008721066385813447, 383953000000, 
-0.04360533192906724, 0.0, -0.008721066385813447, 383953000000, 
-0.04360533192906724, 0.0, -0.008721066385813447, 383953000000, 
-0.04360533192906724, 0.0, -0.008721066385813447, 383953000000, 
-0.04360533192906724, 0.0, -0.008721066385813447, 383953000000, 
-0.04360533192906724, 0.0, -0.008721066385813447, 383953000000, 
-0.04360533192906724, 0.0, -0.008721066385813447, 383953000000, 
-0.04360533192906724, 0.0, -0.008721066385813447, 383953000000, 
-0.04360533192906724, 0.0, -0.008721066385813447, 383953000000, 
-0.04360533192906724, 0.0, -0.008721066385813447, 383953000000, 
-0.04360533192906724, 0.0, -0.008721066385813447, 383953000000, 
-0.04360533192906724, 0.0, -0.008721066385813447, 383953000000, 
-0.04360533192906724, 0.0, -0.008721066385813447, 383953000000, 
-0.04360533192906724, 0.0, -0.008721066385813447, 383953000000, 
-0.04360533192906724, 0.0, -0.008721066385813447, 383953000000, 
-0.04360533192906724, 0.0, -0.008721066385813447, 383953000000, 
-0.04360533192906724, 0.0, -0.008721066385813447, 383953000000, 
-0.04360533192906724, 0.0, -0.008721066385813447, 383953000000, 
-0.04360533192906724, 0.0, -0.008721066385813447, 383953000000, 
-0.04360533192906724, 0.0, -0.008721066385813447, 383953000000, 
-0.04360533192906724, 0.0, -0.008721066385813447, 383953000000, 
-0.04360533192906724, 0.0, -0.008721066385813447, 383953000000, 
-0.04360533192906724, 0.0, -0.008721066385813447, 383953000000, 
-0.04360533192906724, 0.0, -0.008721066385813447, 383953000000, 
-0.04360533192906724, 0.0, -0.008721066385813447, 383953000000, 
-0.04360533192906724, 0.0, -0.008721066385813447, 383953000000, 
-0.04360533192906724, 0.0, -0.008721066385813447, 383953000000, 
-0.04360533192906724, 0.0, -0.008721066385813447, 383953000000, 
-0.04360533192906724, 0.0, -0.008721066385813447, 383953000000, 
-0.04360533192906724, 0.0, -0.008721066385813447, 383953000000, 
-0.04360533192906724, 0.0, -0.008721066385813447, 383953000000, 
-0.04360533192906724, 0.0, -0.008721066385813447, 383953000000, 
-0.04360533192906724, 0.0, -0.008721066385813447, 383953000000, 
-0.04360533192906724, 0.0, -0.008721066385813447, 383953000000, 
-0.04360533192906724, 0.0, -0.008721066385813447, 383953000000, 
-0.04360533192906724, 0.0, -0.008721066385813447, 383953000000, 
-0.04360533192906724, 0.0, -0.008721066385813447, 383953000000, 
-0.04360533192906724, 0.0, -0.008721066385813447, 383953000000, 
-0.04360533192906724, 0.0, -0.008721066385813447, 383953000000, 
-0.04360533192906724, 0.0, -0.008721066385813447, 383953000000, 
-0.04360533192906724, 0.0, -0.008721066385813447, 383953000000, 
-0.04360533192906724, 0.0, -0.008721066385813447, 383953000000, 
-0.04360533192906724, 0.0, -0.008721066385813447, 383953000000, 
-0.04360533192906724, 0.0, -0.008721066385813447, 383953000000, 
-0.04360533192906724, 0.0, -0.008721066385813447, 383953000000, 
-0.04360533192906724, 0.0, -0.008721066385813447, 383953000000, 
-0.04360533192906724, 0.0, -0.008721066385813447, 383953000000, 
-0.04360533192906724, 0.0, -0.008721066385813447, 383953000000, 
-0.04360533192906724, 0.0, -0.008721066385813447, 383953000000, 
-0.04360533192906724, 0.0, -0.008721066385813447, 383953000000, 
-0.04360533192906724, 0.0, -0.008721066385813447, 383953000000, 
-0.04360533192906724, 0.0, -0.008721066385813447, 383953000000, 
-0.04360533192906724, 0.0, -0.008721066385813447, 383953000000, 
-0.04360533192906724, 0.0, -0.008721066385813447, 383953000000, 
-0.04360533192906724, 0.0, -0.008721066385813447, 383953000000, 
-0.04360533192906724, 0.0, -0.008721066385813447, 383953000000, 
-0.04360533192906724, 0.0, -0.008721066385813447, 383953000000, 
-0.04360533192906724, 0.0, -0.008721066385813447, 383953000000, 
-0.04360533192906724, 0.0, -0.008721066385813447, 383953000000, 
-0.04360533192906724, 0.0, -0.008721066385813447, 383953000000, 
-0.04360533192906724, 0.0, -0.008721066385813447, 383953000000, 
-0.04360533192906724, 0.0, -0.008721066385813447, 383953000000, 
-0.04360533192906724, 0.0, -0.008721066385813447, 383953000000, 
-0.04360533192906724, 0.0, -0.008721066385813447, 383953000000, 
-0.04360533192906724, 0.0, -0.008721066385813447, 383953000000, 
-0.04360533192906724, 0.0, -0.008721066385813447, 383953000000, 
-0.04360533192906724, 0.0, -0.008721066385813447, 383953000000, 
-0.04360533192906724, 0.0, -0.008721066385813447, 383953000000, 
-0.04360533192906724, 0.0, -0.008721066385813447, 383953000000, 
-0.04360533192906724, 0.0, -0.008721066385813447, 383953000000, 
-0.04360533192906724, 0.0, -0.008721066385813447, 383953000000, 
-0.04360533192906724, 0.0, -0.008721066385813447, 383953000000, 
-0.04360533192906724, 0.0, -0.008721066385813447, 383953000000, 
-0.04360533192906724, 0.0, -0.008721066385813447, 383953000000, 
-0.04360533192906724, 0.0, -0.008721066385813447, 383953000000, 
-0.04360533192906724, 0.0, -0.008721066385813447, 383953000000, 
-0.04360533192906724, 0.0, -0.008721066385813447, 383953000000, 
-0.04360533192906724, 0.0, -0.008721066385813447, 383953000000, 
-0.04360533192906724, 0.0, -0.008721066385813447, 383953000000, 
-0.04360533192906724, 0.0, -0.008721066385813447, 383953000000, 
-0.04360533192906724, 0.0, -0.008721066385813447, 383953000000, 
-0.04360533192906724, 0.0, -0.008721066385813447, 383953000000, 
-0.04360533192906724, 0.0, -0.008721066385813447, 383953000000, 
-0.04360533192906724, 0.0, -0.008721066385813447, 383953000000, 
-0.04360533192906724, 0.0, -0.008721066385813447, 383953000000, 
-0.04360533192906724, 0.0, -0.008721066385813447, 383953000000, 
-0.04360533192906724, 0.0, -0.008721066385813447, 383953000000, 
-0.04360533192906724, 0.0, -0.008721066385813447, 383953000000, 
-0.04360533192906724, 0.0, -0.008721066385813447, 383953000000, 
-0.04360533192906724, 0.0, -0.008721066385813447, 383953000000, 
-0.04360533192906724, 0.0, -0.008721066385813447, 383953000000, 
-0.04360533192906724, 0.0, -0.008721066385813447, 383953000000, 
-0.04360533192906724, 0.0, -0.008721066385813447, 383953000000, 
-0.04360533192906724, 0.0, -0.008721066385813447, 383953000000, 
-0.04360533192906724, 0.0, -0.008721066385813447, 383953000000, 
-0.04360533192906724, 0.0, -0.008721066385813447, 383953000000, 
-0.04360533192906724, 0.0, -0.008721066385813447, 383953000000, 
-0.04360533192906724, 0.0, -0.008721066385813447, 383953000000, 
-0.04360533192906724, 0.0, -0.008721066385813447, 383953000000, 
-0.04360533192906724, 0.0, -0.008721066385813447, 383953000000, 
-0.04360533192906724, 0.0, -0.008721066385813447, 383953000000, 
-0.04360533192906724, 0.0, -0.008721066385813447, 383953000000, 
-0.04360533192906724, 0.0, -0.008721066385813447, 383953000000, 
-0.04360533192906724, 0.0, -0.008721066385813447, 383953000000, 
-0.04360533192906724, 0.0, -0.008721066385813447, 383953000000, 
-0.04360533192906724, 0.0, -0.008721066385813447, 383953000000, 
-0.04360533192906724, 0.0, -0.008721066385813447, 383953000000, 
-0.04360533192906724, 0.0, -0.008721066385813447, 383953000000, 
-0.04360533192906724, 0.0, -0.008721066385813447, 383953000000, 
-0.04360533192906724, 0.0, -0.008721066385813447, 383953000000, 
-0.04360533192906724, 0.0, -0.008721066385813447, 383953000000, 
-0.04360533192906724, 0.0, -0.008721066385813447, 383953000000, 
-0.04360533192906724, 0.0, -0.008721066385813447, 383953000000, 
-0.04360533192906724, 0.0, -0.008721066385813447, 383953000000, 
-0.04360533192906724, 0.0, -0.008721066385813447, 383953000000, 
-0.04360533192906724, 0.0, -0.008721066385813447, 383953000000, 
-0.04360533192906724, 0.0, -0.008721066385813447, 383953000000, 
-0.04360533192906724, 0.0, -0.008721066385813447, 383953000000, 
-0.04360533192906724, 0.0, -0.008721066385813447, 383953000000, 
-0.04360533192906724, 0.0, -0.008721066385813447, 383953000000, 
-0.04360533192906724, 0.0, -0.008721066385813447, 383953000000, 
-0.04360533192906724, 0.0, -0.008721066385813447, 383953000000, 
-0.04360533192906724, 0.0, -0.008721066385813447, 383953000000, 
-0.04360533192906724, 0.0, -0.008721066385813447, 383953000000, 
-0.04360533192906724, 0.0, -0.008721066385813447, 383953000000, 
-0.04360533192906724, 0.0, -0.008721066385813447, 383953000000, 
-0.04360533192906724, 0.0, -0.008721066385813447, 383953000000, 
-0.04360533192906724, 0.0, -0.008721066385813447, 383953000000, 
-0.04360533192906724, 0.0, -0.008721066385813447, 383953000000, 
-0.04360533192906724, 0.0, -0.008721066385813447, 383953000000, 
-0.04360533192906724, 0.0, -0.008721066385813447, 383953000000, 
-0.04360533192906724, 0.0, -0.008721066385813447, 383953000000, 
-0.04360533192906724, 0.0, -0.008721066385813447, 383953000000, 
-0.04360533192906724, 0.0, -0.008721066385813447, 383953000000, 
-0.04360533192906724, 0.0, -0.008721066385813447, 383953000000, 
-0.04360533192906724, 0.0, -0.008721066385813447, 383953000000, 
-0.04360533192906724, 0.0, -0.008721066385813447, 383953000000, 
-0.04360533192906724, 0.0, -0.008721066385813447, 383953000000, 
-0.04360533192906724, 0.0, -0.008721066385813447, 383953000000, 
-0.04360533192906724, 0.0, -0.008721066385813447, 383953000000, 
-0.04360533192906724, 0.0, -0.008721066385813447, 383953000000, 
-0.04360533192906724, 0.0, -0.008721066385813447, 383953000000, 
-0.04360533192906724, 0.0, -0.008721066385813447, 383953000000, 
-0.04360533192906724, 0.0, -0.008721066385813447, 383953000000, 
-0.04360533192906724, 0.0, -0.008721066385813447, 383953000000, 
-0.04360533192906724, 0.0, -0.008721066385813447, 383953000000, 
-0.04360533192906724, 0.0, -0.008721066385813447, 383953000000, 
-0.04360533192906724, 0.0, -0.008721066385813447, 383953000000, 
-0.04360533192906724, 0.0, -0.008721066385813447, 383953000000, 
-0.04360533192906724, 0.0, -0.008721066385813447, 383953000000, 
-0.04360533192906724, 0.0, -0.008721066385813447, 383953000000, 
-0.04360533192906724, 0.0, -0.008721066385813447, 383953000000, 
-0.04360533192906724, 0.0, -0.008721066385813447, 383953000000, 
-0.04360533192906724, 0.0, -0.008721066385813447, 383953000000, 
-0.04360533192906724, 0.0, -0.008721066385813447, 383953000000, 
-0.04360533192906724, 0.0, -0.008721066385813447, 383953000000, 
-0.04360533192906724, 0.0, -0.008721066385813447, 383953000000, 
-0.04360533192906724, 0.0, -0.008721066385813447, 383953000000, 
-0.04360533192906724, 0.0, -0.008721066385813447, 383953000000, 
-0.04360533192906724, 0.0, -0.008721066385813447, 383953000000, 
-0.04360533192906724, 0.0, -0.008721066385813447, 383953000000, 
-0.04360533192906724, 0.0, -0.008721066385813447, 383953000000, 
-0.04360533192906724, 0.0, -0.008721066385813447, 383953000000, 
-0.04360533192906724, 0.0, -0.008721066385813447, 383953000000, 
-0.04360533192906724, 0.0, -0.008721066385813447, 383953000000, 
-0.04360533192906724, 0.0, -0.008721066385813447, 383953000000, 
-0.04360533192906724, 0.0, -0.008721066385813447, 383953000000, 
-0.04360533192906724, 0.0, -0.008721066385813447, 383953000000, 
-0.04360533192906724, 0.0, -0.008721066385813447, 383953000000, 
-0.04360533192906724, 0.0, -0.008721066385813447, 383953000000, 
-0.04360533192906724, 0.0, -0.008721066385813447, 383953000000, 
-0.04360533192906724, 0.0, -0.008721066385813447, 383953000000, 
-0.04360533192906724, 0.0, -0.008721066385813447, 383953000000, 
-0.04360533192906724, 0.0, -0.008721066385813447, 383953000000, 
-0.04360533192906724, 0.0, -0.008721066385813447, 383953000000, 
-0.04360533192906724, 0.0, -0.008721066385813447, 383953000000, 
-0.04360533192906724, 0.0, -0.008721066385813447, 383953000000, 
-0.04360533192906724, 0.0, -0.008721066385813447, 383953000000, 
-0.04360533192906724, 0.0, -0.008721066385813447, 383953000000, 
-0.04360533192906724, 0.0, -0.008721066385813447, 383953000000, 
-0.04360533192906724, 0.0, -0.008721066385813447, 383953000000, 
-0.04360533192906724, 0.0, -0.008721066385813447, 383953000000, 
-0.04360533192906724, 0.0, -0.008721066385813447, 383953000000, 
-0.04360533192906724, 0.0, -0.008721066385813447, 383953000000, 
-0.04360533192906724, 0.0, -0.008721066385813447, 383953000000, 
-0.04360533192906724, 0.0, -0.008721066385813447, 383953000000, 
-0.04360533192906724, 0.0, -0.008721066385813447, 383953000000, 
-0.04360533192906724, 0.0, -0.008721066385813447, 383953000000, 
-0.04360533192906724, 0.0, -0.008721066385813447, 383953000000, 
-0.04360533192906724, 0.0, -0.008721066385813447, 383953000000, 
-0.04360533192906724, 0.0, -0.008721066385813447, 383953000000, 
-0.04360533192906724, 0.0, -0.008721066385813447, 383953000000, 
-0.04360533192906724, 0.0, -0.008721066385813447, 383953000000, 
-0.04360533192906724, 0.0, -0.008721066385813447, 383953000000, 
-0.04360533192906724, 0.0, -0.008721066385813447, 383953000000, 
-0.04360533192906724, 0.0, -0.008721066385813447, 383953000000, 
-0.04360533192906724, 0.0, -0.008721066385813447, 383953000000, 
-0.04360533192906724, 0.0, -0.008721066385813447, 383953000000, 
-0.04360533192906724, 0.0, -0.008721066385813447, 383953000000, 
-0.04360533192906724, 0.0, -0.008721066385813447, 383953000000, 
-0.04360533192906724, 0.0, -0.008721066385813447, 383953000000, 
-0.04360533192906724, 0.0, -0.008721066385813447, 383953000000, 
-0.04360533192906724, 0.0, -0.008721066385813447, 383953000000, 
-0.04360533192906724, 0.0, -0.008721066385813447, 383953000000, 
-0.04360533192906724, 0.0, -0.008721066385813447, 383953000000, 
-0.04360533192906724, 0.0, -0.008721066385813447, 383953000000, 
-0.04360533192906724, 0.0, -0.008721066385813447, 383953000000, 
-0.04360533192906724, 0.0, -0.008721066385813447, 383953000000, 
-0.04360533192906724, 0.0, -0.008721066385813447, 383953000000, 
-0.04360533192906724, 0.0, -0.008721066385813447, 383953000000, 
-0.04360533192906724, 0.0, -0.008721066385813447, 383953000000, 
-0.04360533192906724, 0.0, -0.008721066385813447, 383953000000, 
-0.04360533192906724, 0.0, -0.008721066385813447, 383953000000, 
-0.04360533192906724, 0.0, -0.008721066385813447, 383953000000, 
-0.04360533192906724, 0.0, -0.008721066385813447, 383953000000, 
-0.04360533192906724, 0.0, -0.008721066385813447, 383953000000, 
-0.04360533192906724, 0.0, -0.008721066385813447, 383953000000, 
-0.04360533192906724, 0.0, -0.008721066385813447, 383953000000, 
-0.04360533192906724, 0.0, -0.008721066385813447, 383953000000, 
-0.04360533192906724, 0.0, -0.008721066385813447, 383953000000, 
-0.04360533192906724, 0.0, -0.008721066385813447, 383953000000, 
-0.04360533192906724, 0.0, -0.008721066385813447, 383953000000, 
-0.04360533192906724, 0.0, -0.008721066385813447, 383953000000, 
-0.04360533192906724, 0.0, -0.008721066385813447, 383953000000, 
-0.04360533192906724, 0.0, -0.008721066385813447, 383953000000, 
-0.04360533192906724, 0.0, -0.008721066385813447, 383953000000, 
-0.04360533192906724, 0.0, -0.008721066385813447, 383953000000, 
-0.04360533192906724, 0.0, -0.008721066385813447, 383953000000, 
-0.04360533192906724, 0.0, -0.008721066385813447, 383953000000, 
-0.04360533192906724, 0.0, -0.008721066385813447, 383953000000, 
-0.04360533192906724, 0.0, -0.008721066385813447, 383953000000, 
-0.04360533192906724, 0.0, -0.008721066385813447, 383953000000, 
-0.04360533192906724, 0.0, -0.008721066385813447, 383953000000, 
-0.04360533192906724, 0.0, -0.008721066385813447, 383953000000, 
-0.04360533192906724, 0.0, -0.008721066385813447, 383953000000, 
-0.04360533192906724, 0.0, -0.008721066385813447, 383953000000, 
-0.04360533192906724, 0.0, -0.008721066385813447, 383953000000, 
-0.04360533192906724, 0.0, -0.008721066385813447, 383953000000, 
-0.04360533192906724, 0.0, -0.008721066385813447, 383953000000, 
-0.04360533192906724, 0.0, -0.008721066385813447, 383953000000, 
-0.04360533192906724, 0.0, -0.008721066385813447, 383953000000, 
-0.04360533192906724, 0.0, -0.008721066385813447, 383953000000, 
-0.04360533192906724, 0.0, -0.008721066385813447, 383953000000, 
-0.04360533192906724, 0.0, -0.008721066385813447, 383953000000, 
-0.04360533192906724, 0.0, -0.008721066385813447, 383953000000, 
-0.04360533192906724, 0.0, -0.008721066385813447, 383953000000, 
-0.04360533192906724, 0.0, -0.008721066385813447, 383953000000, 
-0.04360533192906724, 0.0, -0.008721066385813447, 383953000000, 
-0.04360533192906724, 0.0, -0.008721066385813447, 383953000000, 
-0.04360533192906724, 0.0, -0.008721066385813447, 383953000000, 
-0.04360533192906724, 0.0, -0.008721066385813447, 383953000000, 
-0.04360533192906724, 0.0, -0.008721066385813447, 383953000000, 
-0.04360533192906724, 0.0, -0.008721066385813447, 383953000000, 
-0.04360533192906724, 0.0, -0.008721066385813447, 383953000000, 
-0.04360533192906724, 0.0, -0.008721066385813447, 383953000000, 
-0.04360533192906724, 0.0, -0.008721066385813447, 383953000000, 
-0.04360533192906724, 0.0, -0.008721066385813447, 383953000000, 
-0.04360533192906724, 0.0, -0.008721066385813447, 383953000000, 
-0.04360533192906724, 0.0, -0.008721066385813447, 383953000000, 
-0.04360533192906724, 0.0, -0.008721066385813447, 383953000000, 
-0.04360533192906724, 0.0, -0.008721066385813447, 383953000000, 
-0.04360533192906724, 0.0, -0.008721066385813447, 383953000000, 
-0.04360533192906724, 0.0, -0.008721066385813447, 383953000000, 
-0.04360533192906724, 0.0, -0.008721066385813447, 383953000000, 
-0.04360533192906724, 0.0, -0.008721066385813447, 383953000000, 
-0.04360533192906724, 0.0, -0.008721066385813447, 383953000000, 
-0.04360533192906724, 0.0, -0.008721066385813447, 383953000000, 
-0.04360533192906724, 0.0, -0.008721066385813447, 383953000000, 
-0.04360533192906724, 0.0, -0.008721066385813447, 383953000000, 
-0.04360533192906724, 0.0, -0.008721066385813447, 383953000000, 
-0.04360533192906724, 0.0, -0.008721066385813447, 383953000000, 
-0.04360533192906724, 0.0, -0.008721066385813447, 383953000000, 
-0.04360533192906724, 0.0, -0.008721066385813447, 383953000000, 
-0.04360533192906724, 0.0, -0.008721066385813447, 383953000000, 
-0.04360533192906724, 0.0, -0.008721066385813447, 383953000000, 
-0.04360533192906724, 0.0, -0.008721066385813447, 383953000000, 
-0.04360533192906724, 0.0, -0.008721066385813447, 383953000000, 
-0.04360533192906724, 0.0, -0.008721066385813447, 383953000000, 
-0.04360533192906724, 0.0, -0.008721066385813447, 383953000000, 
-0.04360533192906724, 0.0, -0.008721066385813447, 383953000000, 
-0.04360533192906724, 0.0, -0.008721066385813447, 383953000000, 
-0.04360533192906724, 0.0, -0.008721066385813447, 383953000000, 
-0.04360533192906724, 0.0, -0.008721066385813447, 383953000000, 
-0.04360533192906724, 0.0, -0.008721066385813447, 383953000000, 
-0.04360533192906724, 0.0, -0.008721066385813447, 383953000000, 
-0.04360533192906724, 0.0, -0.008721066385813447, 383953000000, 
-0.04360533192906724, 0.0, -0.008721066385813447, 383953000000, 
-0.04360533192906724, 0.0, -0.008721066385813447, 383953000000, 
-0.04360533192906724, 0.0, -0.008721066385813447, 383953000000, 
-0.04360533192906724, 0.0, -0.008721066385813447, 383953000000, 
-0.04360533192906724, 0.0, -0.008721066385813447, 383953000000, 
-0.04360533192906724, 0.0, -0.008721066385813447, 383953000000, 
-0.04360533192906724, 0.0, -0.008721066385813447, 383953000000, 
-0.04360533192906724, 0.0, -0.008721066385813447, 383953000000, 
-0.04360533192906724, 0.0, -0.008721066385813447, 383953000000, 
-0.04360533192906724, 0.0, -0.008721066385813447, 383953000000, 
-0.04360533192906724, 0.0, -0.008721066385813447, 383953000000, 
-0.04360533192906724, 0.0, -0.008721066385813447, 383953000000, 
-0.04360533192906724, 0.0, -0.008721066385813447, 383953000000, 
-0.04360533192906724, 0.0, -0.008721066385813447, 383953000000, 
-0.04360533192906724, 0.0, -0.008721066385813447, 383953000000, 
-0.04360533192906724, 0.0, -0.008721066385813447, 383953000000, 
-0.04360533192906724, 0.0, -0.008721066385813447, 383953000000, 
-0.04360533192906724, 0.0, -0.008721066385813447, 383953000000, 
-0.04360533192906724, 0.0, -0.008721066385813447, 383953000000, 
-0.04360533192906724, 0.0, -0.008721066385813447, 383953000000, 
-0.04360533192906724, 0.0, -0.008721066385813447, 383953000000, 
-0.04360533192906724, 0.0, -0.008721066385813447, 383953000000, 
-0.04360533192906724, 0.0, -0.008721066385813447, 383953000000, 
-0.04360533192906724, 0.0, -0.008721066385813447, 383953000000, 
-0.04360533192906724, 0.0, -0.008721066385813447, 383953000000, 
-0.04360533192906724, 0.0, -0.008721066385813447, 383953000000, 
-0.04360533192906724, 0.0, -0.008721066385813447, 383953000000, 
-0.04360533192906724, 0.0, -0.008721066385813447, 383953000000, 
-0.04360533192906724, 0.0, -0.008721066385813447, 383953000000, 
-0.04360533192906724, 0.0, -0.008721066385813447, 383953000000, 
-0.04360533192906724, 0.0, -0.008721066385813447, 383953000000, 
-0.04360533192906724, 0.0, -0.008721066385813447, 383953000000, 
-0.04360533192906724, 0.0, -0.008721066385813447, 383953000000, 
-0.04360533192906724, 0.0, -0.008721066385813447, 383953000000, 
-0.04360533192906724, 0.0, -0.008721066385813447, 383953000000, 
-0.04360533192906724, 0.0, -0.008721066385813447, 383953000000, 
-0.04360533192906724, 0.0, -0.008721066385813447, 383953000000, 
-0.04360533192906724, 0.0, -0.008721066385813447, 383953000000, 
-0.04360533192906724, 0.0, -0.008721066385813447, 383953000000, 
-0.04360533192906724, 0.0, -0.008721066385813447, 383953000000, 
-0.04360533192906724, 0.0, -0.008721066385813447, 383953000000, 
-0.04360533192906724, 0.0, -0.008721066385813447, 383953000000, 
-0.04360533192906724, 0.0, -0.008721066385813447, 383953000000, 
-0.04360533192906724, 0.0, -0.008721066385813447, 383953000000, 
-0.04360533192906724, 0.0, -0.008721066385813447, 383953000000, 
-0.04360533192906724, 0.0, -0.008721066385813447, 383953000000, 
-0.04360533192906724, 0.0, -0.008721066385813447, 383953000000, 
-0.04360533192906724, 0.0, -0.008721066385813447, 383953000000, 
-0.04360533192906724, 0.0, -0.008721066385813447, 383953000000, 
-0.04360533192906724, 0.0, -0.008721066385813447, 383953000000, 
-0.04360533192906724, 0.0, -0.008721066385813447, 383953000000, 
-0.04360533192906724, 0.0, -0.008721066385813447, 383953000000, 
-0.04360533192906724, 0.0, -0.008721066385813447, 383953000000, 
-0.04360533192906724, 0.0, -0.008721066385813447, 383953000000, 
-0.04360533192906724, 0.0, -0.008721066385813447, 383953000000, 
-0.04360533192906724, 0.0, -0.008721066385813447, 383953000000, 
-0.04360533192906724, 0.0, -0.008721066385813447, 383953000000, 
-0.04360533192906724, 0.0, -0.008721066385813447, 383953000000, 
-0.04360533192906724, 0.0, -0.008721066385813447, 383953000000, 
-0.04360533192906724, 0.0, -0.008721066385813447, 383953000000, 
-0.04360533192906724, 0.0, -0.008721066385813447, 383953000000, 
-0.04360533192906724, 0.0, -0.008721066385813447, 383953000000, 
-0.04360533192906724, 0.0, -0.008721066385813447, 383953000000, 
-0.04360533192906724, 0.0, -0.008721066385813447, 383953000000, 
-0.04360533192906724, 0.0, -0.008721066385813447, 383953000000, 
-0.04360533192906724, 0.0, -0.008721066385813447, 383953000000, 
-0.04360533192906724, 0.0, -0.008721066385813447, 383953000000, 
-0.04360533192906724, 0.0, -0.008721066385813447, 383953000000, 
-0.04360533192906724, 0.0, -0.008721066385813447, 383953000000, 
-0.04360533192906724, 0.0, -0.008721066385813447, 383953000000, 
-0.04360533192906724, 0.0, -0.008721066385813447, 383953000000, 
-0.04360533192906724, 0.0, -0.008721066385813447, 383953000000, 
-0.04360533192906724, 0.0, -0.008721066385813447, 383953000000, 
-0.04360533192906724, 0.0, -0.008721066385813447, 383953000000, 
-0.04360533192906724, 0.0, -0.008721066385813447, 383953000000, 
-0.04360533192906724, 0.0, -0.008721066385813447, 383953000000, 
-0.04360533192906724, 0.0, -0.008721066385813447, 383953000000, 
-0.04360533192906724, 0.0, -0.008721066385813447, 383953000000, 
-0.04360533192906724, 0.0, -0.008721066385813447, 383953000000, 
-0.04360533192906724, 0.0, -0.008721066385813447, 383953000000, 
-0.04360533192906724, 0.0, -0.008721066385813447, 383953000000, 
-0.04360533192906724, 0.0, -0.008721066385813447, 383953000000, 
-0.04360533192906724, 0.0, -0.008721066385813447, 383953000000, 
-0.04360533192906724, 0.0, -0.008721066385813447, 383953000000, 
-0.04360533192906724, 0.0, -0.008721066385813447, 383953000000, 
-0.04360533192906724, 0.0, -0.008721066385813447, 383953000000, 
-0.04360533192906724, 0.0, -0.008721066385813447, 383953000000, 
-0.04360533192906724, 0.0, -0.008721066385813447, 383953000000, 
-0.04360533192906724, 0.0, -0.008721066385813447, 383953000000, 
-0.04360533192906724, 0.0, -0.008721066385813447, 383953000000, 
-0.04360533192906724, 0.0, -0.008721066385813447, 383953000000, 
-0.04360533192906724, 0.0, -0.008721066385813447, 383953000000, 
-0.04360533192906724, 0.0, -0.008721066385813447, 383953000000, 
-0.04360533192906724, 0.0, -0.008721066385813447, 383953000000, 
-0.04360533192906724, 0.0, -0.008721066385813447, 383953000000, 
-0.04360533192906724, 0.0, -0.008721066385813447, 383953000000, 
-0.04360533192906724, 0.0, -0.008721066385813447, 383953000000, 
-0.04360533192906724, 0.0, -0.008721066385813447, 383953000000, 
-0.04360533192906724, 0.0, -0.008721066385813447, 383953000000, 
-0.04360533192906724, 0.0, -0.008721066385813447, 383953000000, 
-0.04360533192906724, 0.0, -0.008721066385813447, 383953000000, 
-0.04360533192906724, 0.0, -0.008721066385813447, 383953000000, 
-0.04360533192906724, 0.0, -0.008721066385813447, 383953000000, 
-0.04360533192906724, 0.0, -0.008721066385813447, 383953000000, 
-0.04360533192906724, 0.0, -0.008721066385813447, 383953000000, 
-0.04360533192906724, 0.0, -0.008721066385813447, 383953000000, 
-0.04360533192906724, 0.0, -0.008721066385813447, 383953000000, 
-0.04360533192906724, 0.0, -0.008721066385813447, 383953000000, 
-0.04360533192906724, 0.0, -0.008721066385813447, 383953000000, 
-0.04360533192906724, 0.0, -0.008721066385813447, 383953000000, 
-0.04360533192906724, 0.0, -0.008721066385813447, 383953000000, 
-0.04360533192906724, 0.0, -0.008721066385813447, 383953000000, 
-0.04360533192906724, 0.0, -0.008721066385813447, 383953000000, 
-0.04360533192906724, 0.0, -0.008721066385813447, 383953000000, 
-0.04360533192906724, 0.0, -0.008721066385813447, 383953000000, 
-0.04360533192906724, 0.0, -0.008721066385813447, 383953000000, 
-0.04360533192906724, 0.0, -0.008721066385813447, 383953000000, 
-0.04360533192906724, 0.0, -0.008721066385813447, 383953000000, 
-0.04360533192906724, 0.0, -0.008721066385813447, 383953000000, 
-0.04360533192906724, 0.0, -0.008721066385813447, 383953000000, 
-0.04360533192906724, 0.0, -0.008721066385813447, 383953000000, 
-0.04360533192906724, 0.0, -0.008721066385813447, 383953000000, 
-0.04360533192906724, 0.0, -0.008721066385813447, 383953000000, 
-0.04360533192906724, 0.0, -0.008721066385813447, 383953000000, 
-0.04360533192906724, 0.0, -0.008721066385813447, 383953000000, 
-0.04360533192906724, 0.0, -0.008721066385813447, 383953000000, 
-0.04360533192906724, 0.0, -0.008721066385813447, 383953000000, 
-0.04360533192906724, 0.0, -0.008721066385813447, 383953000000, 
-0.04360533192906724, 0.0, -0.008721066385813447, 383953000000, 
-0.04360533192906724, 0.0, -0.008721066385813447, 383953000000, 
-0.04360533192906724, 0.0, -0.008721066385813447, 383953000000, 
-0.04360533192906724, 0.0, -0.008721066385813447, 383953000000, 
-0.04360533192906724, 0.0, -0.008721066385813447, 383953000000, 
-0.04360533192906724, 0.0, -0.008721066385813447, 383953000000, 
-0.04360533192906724, 0.0, -0.008721066385813447, 383953000000, 
-0.04360533192906724, 0.0, -0.008721066385813447, 383953000000, 
-0.04360533192906724, 0.0, -0.008721066385813447, 383953000000, 
-0.04360533192906724, 0.0, -0.008721066385813447, 383953000000, 
-0.04360533192906724, 0.0, -0.008721066385813447, 383953000000, 
-0.04360533192906724, 0.0, -0.008721066385813447, 383953000000, 
-0.04360533192906724, 0.0, -0.008721066385813447, 383953000000, 
-0.04360533192906724, 0.0, -0.008721066385813447, 383953000000, 
-0.04360533192906724, 0.0, -0.008721066385813447, 383953000000, 
-0.04360533192906724, 0.0, -0.008721066385813447, 383953000000, 
-0.04360533192906724, 0.0, -0.008721066385813447, 383953000000, 
-0.04360533192906724, 0.0, -0.008721066385813447, 383953000000, 
-0.04360533192906724, 0.0, -0.008721066385813447, 383953000000, 
-0.04360533192906724, 0.0, -0.008721066385813447, 383953000000, 
-0.04360533192906724, 0.0, -0.008721066385813447, 383953000000, 
-0.04360533192906724, 0.0, -0.008721066385813447, 383953000000, 
-0.04360533192906724, 0.0, -0.008721066385813447, 383953000000, 
-0.04360533192906724, 0.0, -0.008721066385813447, 383953000000, 
-0.04360533192906724, 0.0, -0.008721066385813447, 383953000000, 
-0.04360533192906724, 0.0, -0.008721066385813447, 383953000000, 
-0.04360533192906724, 0.0, -0.008721066385813447, 383953000000, 
-0.04360533192906724, 0.0, -0.008721066385813447, 383953000000, 
-0.04360533192906724, 0.0, -0.008721066385813447, 383953000000, 
-0.04360533192906724, 0.0, -0.008721066385813447, 383953000000, 
-0.04360533192906724, 0.0, -0.008721066385813447, 383953000000, 
-0.04360533192906724, 0.0, -0.008721066385813447, 383953000000, 
-0.04360533192906724, 0.0, -0.008721066385813447, 383953000000, 
-0.04360533192906724, 0.0, -0.008721066385813447, 383953000000, 
-0.04360533192906724, 0.0, -0.008721066385813447, 383953000000, 
-0.04360533192906724, 0.0, -0.008721066385813447, 383953000000, 
-0.04360533192906724, 0.0, -0.008721066385813447, 383953000000, 
-0.04360533192906724, 0.0, -0.008721066385813447, 383953000000, 
-0.04360533192906724, 0.0, -0.008721066385813447, 383953000000, 
-0.04360533192906724, 0.0, -0.008721066385813447, 383953000000, 
-0.04360533192906724, 0.0, -0.008721066385813447, 383953000000, 
-0.04360533192906724, 0.0, -0.008721066385813447, 383953000000, 
-0.04360533192906724, 0.0, -0.008721066385813447, 383953000000, 
-0.04360533192906724, 0.0, -0.008721066385813447, 383953000000, 
-0.04360533192906724, 0.0, -0.008721066385813447, 383953000000, 
-0.04360533192906724, 0.0, -0.008721066385813447, 383953000000, 
-0.04360533192906724, 0.0, -0.008721066385813447, 383953000000, 
-0.04360533192906724, 0.0, -0.008721066385813447, 383953000000, 
-0.04360533192906724, 0.0, -0.008721066385813447, 383953000000, 
-0.04360533192906724, 0.0, -0.008721066385813447, 383953000000, 
-0.04360533192906724, 0.0, -0.008721066385813447, 383953000000, 
-0.04360533192906724, 0.0, -0.008721066385813447, 383953000000, 
-0.04360533192906724, 0.0, -0.008721066385813447, 383953000000, 
-0.04360533192906724, 0.0, -0.008721066385813447, 383953000000, 
-0.04360533192906724, 0.0, -0.008721066385813447, 383953000000, 
-0.04360533192906724, 0.0, -0.008721066385813447, 383953000000, 
-0.04360533192906724, 0.0, -0.008721066385813447, 383953000000, 
-0.04360533192906724, 0.0, -0.008721066385813447, 383953000000, 
-0.04360533192906724, 0.0, -0.008721066385813447, 383953000000, 
-0.04360533192906724, 0.0, -0.008721066385813447, 383953000000, 
-0.04360533192906724, 0.0, -0.008721066385813447, 383953000000, 
-0.04360533192906724, 0.0, -0.008721066385813447, 383953000000, 
-0.04360533192906724, 0.0, -0.008721066385813447, 383953000000, 
-0.04360533192906724, 0.0, -0.008721066385813447, 383953000000, 
-0.04360533192906724, 0.0, -0.008721066385813447, 383953000000, 
-0.04360533192906724, 0.0, -0.008721066385813447, 383953000000, 
-0.04360533192906724, 0.0, -0.008721066385813447, 383953000000, 
-0.04360533192906724, 0.0, -0.008721066385813447, 383953000000, 
-0.04360533192906724, 0.0, -0.008721066385813447, 383953000000, 
-0.04360533192906724, 0.0, -0.008721066385813447, 383953000000, 
-0.04360533192906724, 0.0, -0.008721066385813447, 383953000000, 
-0.04360533192906724, 0.0, -0.008721066385813447, 383953000000, 
-0.04360533192906724, 0.0, -0.008721066385813447, 383953000000, 
-0.04360533192906724, 0.0, -0.008721066385813447, 383953000000, 
-0.04360533192906724, 0.0, -0.008721066385813447, 383953000000, 
-0.04360533192906724, 0.0, -0.008721066385813447, 383953000000, 
-0.04360533192906724, 0.0, -0.008721066385813447, 383953000000, 
-0.04360533192906724, 0.0, -0.008721066385813447, 383953000000, 
-0.04360533192906724, 0.0, -0.008721066385813447, 383953000000, 
-0.04360533192906724, 0.0, -0.008721066385813447, 383953000000, 
-0.04360533192906724, 0.0, -0.008721066385813447, 383953000000, 
-0.04360533192906724, 0.0, -0.008721066385813447, 383953000000, 
-0.04360533192906724, 0.0, -0.008721066385813447, 383953000000, 
-0.04360533192906724, 0.0, -0.008721066385813447, 383953000000, 
-0.04360533192906724, 0.0, -0.008721066385813447, 383953000000, 
-0.04360533192906724, 0.0, -0.008721066385813447, 383953000000, 
-0.04360533192906724, 0.0, -0.008721066385813447, 383953000000, 
-0.04360533192906724, 0.0, -0.008721066385813447, 383953000000, 
-0.04360533192906724, 0.0, -0.008721066385813447, 383953000000, 
-0.04360533192906724, 0.0, -0.008721066385813447, 383953000000, 
-0.04360533192906724, 0.0, -0.008721066385813447, 383953000000, 
-0.04360533192906724, 0.0, -0.008721066385813447, 383953000000, 
-0.04360533192906724, 0.0, -0.008721066385813447, 383953000000, 
-0.04360533192906724, 0.0, -0.008721066385813447, 383953000000, 
-0.04360533192906724, 0.0, -0.008721066385813447, 383953000000, 
-0.04360533192906724, 0.0, -0.008721066385813447, 383953000000, 
-0.04360533192906724, 0.0, -0.008721066385813447, 383953000000, 
-0.04360533192906724, 0.0, -0.008721066385813447, 383953000000, 
-0.04360533192906724, 0.0, -0.008721066385813447, 383953000000, 
-0.04360533192906724, 0.0, -0.008721066385813447, 383953000000, 
-0.04360533192906724, 0.0, -0.008721066385813447, 383953000000, 
-0.04360533192906724, 0.0, -0.008721066385813447, 383953000000, 
-0.04360533192906724, 0.0, -0.008721066385813447, 383953000000, 
-0.04360533192906724, 0.0, -0.008721066385813447, 383953000000, 
-0.04360533192906724, 0.0, -0.008721066385813447, 383953000000, 
-0.04360533192906724, 0.0, -0.008721066385813447, 383953000000, 
-0.04360533192906724, 0.0, -0.008721066385813447, 383953000000, 
-0.04360533192906724, 0.0, -0.008721066385813447, 383953000000, 
-0.04360533192906724, 0.0, -0.008721066385813447, 383953000000, 
-0.04360533192906724, 0.0, -0.008721066385813447, 383953000000, 
-0.04360533192906724, 0.0, -0.008721066385813447, 383953000000, 
-0.04360533192906724, 0.0, -0.008721066385813447, 383953000000, 
-0.04360533192906724, 0.0, -0.008721066385813447, 383953000000, 
-0.04360533192906724, 0.0, -0.008721066385813447, 383953000000, 
-0.04360533192906724, 0.0, -0.008721066385813447, 383953000000, 
-0.04360533192906724, 0.0, -0.008721066385813447, 383953000000, 
-0.04360533192906724, 0.0, -0.008721066385813447, 383953000000, 
-0.04360533192906724, 0.0, -0.008721066385813447, 383953000000, 
-0.04360533192906724, 0.0, -0.008721066385813447, 383953000000, 
-0.04360533192906724, 0.0, -0.008721066385813447, 383953000000, 
-0.04360533192906724, 0.0, -0.008721066385813447, 383953000000, 
-0.04360533192906724, 0.0, -0.008721066385813447, 383953000000, 
-0.04360533192906724, 0.0, -0.008721066385813447, 383953000000, 
-0.04360533192906724, 0.0, -0.008721066385813447, 383953000000, 
-0.04360533192906724, 0.0, -0.008721066385813447, 383953000000, 
-0.04360533192906724, 0.0, -0.008721066385813447, 383953000000, 
-0.04360533192906724, 0.0, -0.008721066385813447, 383953000000, 
-0.04360533192906724, 0.0, -0.008721066385813447, 383953000000, 
-0.04360533192906724, 0.0, -0.008721066385813447, 383953000000, 
-0.04360533192906724, 0.0, -0.008721066385813447, 383953000000, 
-0.04360533192906724, 0.0, -0.008721066385813447, 383953000000, 
-0.04360533192906724, 0.0, -0.008721066385813447, 383953000000, 
-0.04360533192906724, 0.0, -0.008721066385813447, 383953000000, 
-0.04360533192906724, 0.0, -0.008721066385813447, 383953000000, 
-0.04360533192906724, 0.0, -0.008721066385813447, 383953000000, 
-0.04360533192906724, 0.0, -0.008721066385813447, 383953000000, 
-0.04360533192906724, 0.0, -0.008721066385813447, 383953000000, 
-0.04360533192906724, 0.0, -0.008721066385813447, 383953000000, 
-0.04360533192906724, 0.0, -0.008721066385813447, 383953000000, 
-0.04360533192906724, 0.0, -0.008721066385813447, 383953000000, 
-0.04360533192906724, 0.0, -0.008721066385813447, 383953000000, 
-0.04360533192906724, 0.0, -0.008721066385813447, 383953000000, 
-0.04360533192906724, 0.0, -0.008721066385813447, 383953000000, 
-0.04360533192906724, 0.0, -0.008721066385813447, 383953000000, 
-0.04360533192906724, 0.0, -0.008721066385813447, 383953000000, 
-0.04360533192906724, 0.0, -0.008721066385813447, 383953000000, 
-0.04360533192906724, 0.0, -0.008721066385813447, 383953000000, 
-0.04360533192906724, 0.0, -0.008721066385813447, 383953000000, 
-0.04360533192906724, 0.0, -0.008721066385813447, 383953000000, 
-0.04360533192906724, 0.0, -0.008721066385813447, 383953000000, 
-0.04360533192906724, 0.0, -0.008721066385813447, 383953000000, 
-0.04360533192906724, 0.0, -0.008721066385813447, 383953000000, 
-0.04360533192906724, 0.0, -0.008721066385813447, 383953000000, 
-0.04360533192906724, 0.0, -0.008721066385813447, 383953000000, 
-0.04360533192906724, 0.0, -0.008721066385813447, 383953000000, 
-0.04360533192906724, 0.0, -0.008721066385813447, 383953000000, 
-0.04360533192906724, 0.0, -0.008721066385813447, 383953000000, 
-0.04360533192906724, 0.0, -0.008721066385813447, 383953000000, 
-0.04360533192906724, 0.0, -0.008721066385813447, 383953000000, 
-0.04360533192906724, 0.0, -0.008721066385813447, 383953000000, 
-0.04360533192906724, 0.0, -0.008721066385813447, 383953000000, 
-0.04360533192906724, 0.0, -0.008721066385813447, 383953000000, 
-0.04360533192906724, 0.0, -0.008721066385813447, 383953000000, 
-0.04360533192906724, 0.0, -0.008721066385813447, 383953000000, 
-0.04360533192906724, 0.0, -0.008721066385813447, 383953000000, 
-0.04360533192906724, 0.0, -0.008721066385813447, 383953000000, 
-0.04360533192906724, 0.0, -0.008721066385813447, 383953000000, 
-0.04360533192906724, 0.0, -0.008721066385813447, 383953000000, 
-0.04360533192906724, 0.0, -0.008721066385813447, 383953000000, 
-0.04360533192906724, 0.0, -0.008721066385813447, 383953000000, 
-0.04360533192906724, 0.0, -0.008721066385813447, 383953000000, 
-0.04360533192906724, 0.0, -0.008721066385813447, 383953000000, 
-0.04360533192906724, 0.0, -0.008721066385813447, 383953000000, 
-0.04360533192906724, 0.0, -0.008721066385813447, 383953000000, 
-0.04360533192906724, 0.0, -0.008721066385813447, 383953000000, 
-0.04360533192906724, 0.0, -0.008721066385813447, 383953000000, 
-0.04360533192906724, 0.0, -0.008721066385813447, 383953000000, 
-0.04360533192906724, 0.0, -0.008721066385813447, 383953000000, 
-0.04360533192906724, 0.0, -0.008721066385813447, 383953000000, 
-0.04360533192906724, 0.0, -0.008721066385813447, 383953000000, 
-0.04360533192906724, 0.0, -0.008721066385813447, 383953000000, 
-0.04360533192906724, 0.0, -0.008721066385813447, 383953000000, 
-0.04360533192906724, 0.0, -0.008721066385813447, 383953000000, 
-0.04360533192906724, 0.0, -0.008721066385813447, 383953000000, 
-0.04360533192906724, 0.0, -0.008721066385813447, 383953000000, 
-0.04360533192906724, 0.0, -0.008721066385813447, 383953000000, 
-0.04360533192906724, 0.0, -0.008721066385813447, 383953000000, 
-0.04360533192906724, 0.0, -0.008721066385813447, 383953000000, 
-0.04360533192906724, 0.0, -0.008721066385813447, 383953000000, 
-0.04360533192906724, 0.0, -0.008721066385813447, 383953000000, 
-0.04360533192906724, 0.0, -0.008721066385813447, 383953000000, 
-0.04360533192906724, 0.0, -0.008721066385813447, 383953000000, 
-0.04360533192906724, 0.0, -0.008721066385813447, 383953000000, 
-0.04360533192906724, 0.0, -0.008721066385813447, 383953000000, 
-0.04360533192906724, 0.0, -0.008721066385813447, 383953000000, 
-0.04360533192906724, 0.0, -0.008721066385813447, 383953000000, 
-0.04360533192906724, 0.0, -0.008721066385813447, 383953000000, 
-0.04360533192906724, 0.0, -0.008721066385813447, 383953000000, 
-0.04360533192906724, 0.0, -0.008721066385813447, 383953000000, 
-0.04360533192906724, 0.0, -0.008721066385813447, 383953000000, 
-0.04360533192906724, 0.0, -0.008721066385813447, 383953000000, 
-0.04360533192906724, 0.0, -0.008721066385813447, 383953000000, 
-0.04360533192906724, 0.0, -0.008721066385813447, 383953000000, 
-0.04360533192906724, 0.0, -0.008721066385813447, 383953000000, 
-0.04360533192906724, 0.0, -0.008721066385813447, 383953000000, 
-0.04360533192906724, 0.0, -0.008721066385813447, 383953000000, 
-0.04360533192906724, 0.0, -0.008721066385813447, 383953000000, 
-0.04360533192906724, 0.0, -0.008721066385813447, 383953000000, 
-0.04360533192906724, 0.0, -0.008721066385813447, 383953000000, 
-0.04360533192906724, 0.0, -0.008721066385813447, 383953000000, 
-0.04360533192906724, 0.0, -0.008721066385813447, 383953000000, 
-0.04360533192906724, 0.0, -0.008721066385813447, 383953000000, 
-0.04360533192906724, 0.0, -0.008721066385813447, 383953000000, 
-0.04360533192906724, 0.0, -0.008721066385813447, 383953000000, 
-0.04360533192906724, 0.0, -0.008721066385813447, 383953000000, 
-0.04360533192906724, 0.0, -0.008721066385813447, 383953000000, 
-0.04360533192906724, 0.0, -0.008721066385813447, 383953000000, 
-0.04360533192906724, 0.0, -0.008721066385813447, 383953000000, 
-0.04360533192906724, 0.0, -0.008721066385813447, 383953000000, 
-0.04360533192906724, 0.0, -0.008721066385813447, 383953000000, 
-0.04360533192906724, 0.0, -0.008721066385813447, 383953000000, 
-0.04360533192906724, 0.0, -0.008721066385813447, 383953000000, 
-0.04360533192906724, 0.0, -0.008721066385813447, 383953000000, 
-0.04360533192906724, 0.0, -0.008721066385813447, 383953000000, 
-0.04360533192906724, 0.0, -0.008721066385813447, 383953000000, 
-0.04360533192906724, 0.0, -0.008721066385813447, 383953000000, 
-0.04360533192906724, 0.0, -0.008721066385813447, 383953000000, 
-0.04360533192906724, 0.0, -0.008721066385813447, 383953000000, 
-0.04360533192906724, 0.0, -0.008721066385813447, 383953000000, 
-0.04360533192906724, 0.0, -0.008721066385813447, 383953000000, 
-0.04360533192906724, 0.0, -0.008721066385813447, 383953000000, 
-0.04360533192906724, 0.0, -0.008721066385813447, 383953000000, 
-0.04360533192906724, 0.0, -0.008721066385813447, 383953000000, 
-0.04360533192906724, 0.0, -0.008721066385813447, 383953000000, 
-0.04360533192906724, 0.0, -0.008721066385813447, 383953000000, 
-0.04360533192906724, 0.0, -0.008721066385813447, 383953000000, 
-0.04360533192906724, 0.0, -0.008721066385813447, 383953000000, 
-0.04360533192906724, 0.0, -0.008721066385813447, 383953000000, 
-0.04360533192906724, 0.0, -0.008721066385813447, 383953000000, 
-0.04360533192906724, 0.0, -0.008721066385813447, 383953000000, 
-0.04360533192906724, 0.0, -0.008721066385813447, 383953000000, 
-0.04360533192906724, 0.0, -0.008721066385813447, 383953000000, 
-0.04360533192906724, 0.0, -0.008721066385813447, 383953000000, 
-0.04360533192906724, 0.0, -0.008721066385813447, 383953000000, 
-0.04360533192906724, 0.0, -0.008721066385813447, 383953000000, 
-0.04360533192906724, 0.0, -0.008721066385813447, 383953000000, 
-0.04360533192906724, 0.0, -0.008721066385813447, 383953000000, 
-0.04360533192906724, 0.0, -0.008721066385813447, 383953000000, 
-0.04360533192906724, 0.0, -0.008721066385813447, 383953000000, 
-0.04360533192906724, 0.0, -0.008721066385813447, 383953000000, 
-0.04360533192906724, 0.0, -0.008721066385813447, 383953000000, 
-0.04360533192906724, 0.0, -0.008721066385813447, 383953000000, 
-0.04360533192906724, 0.0, -0.008721066385813447, 383953000000, 
-0.04360533192906724, 0.0, -0.008721066385813447, 383953000000, 
-0.04360533192906724, 0.0, -0.008721066385813447, 383953000000, 
-0.04360533192906724, 0.0, -0.008721066385813447, 383953000000, 
-0.04360533192906724, 0.0, -0.008721066385813447, 383953000000, 
-0.04360533192906724, 0.0, -0.008721066385813447, 383953000000, 
-0.04360533192906724, 0.0, -0.008721066385813447, 383953000000, 
-0.04360533192906724, 0.0, -0.008721066385813447, 383953000000, 
-0.04360533192906724, 0.0, -0.008721066385813447, 383953000000, 
-0.04360533192906724, 0.0, -0.008721066385813447, 383953000000, 
-0.04360533192906724, 0.0, -0.008721066385813447, 383953000000, 
-0.04360533192906724, 0.0, -0.008721066385813447, 383953000000, 
-0.04360533192906724, 0.0, -0.008721066385813447, 383953000000, 
-0.04360533192906724, 0.0, -0.008721066385813447, 383953000000, 
-0.04360533192906724, 0.0, -0.008721066385813447, 383953000000, 
-0.04360533192906724, 0.0, -0.008721066385813447, 383953000000, 
-0.04360533192906724, 0.0, -0.008721066385813447, 383953000000, 
-0.04360533192906724, 0.0, -0.008721066385813447, 383953000000, 
-0.04360533192906724, 0.0, -0.008721066385813447, 383953000000, 
-0.04360533192906724, 0.0, -0.008721066385813447, 383953000000, 
-0.04360533192906724, 0.0, -0.008721066385813447, 383953000000, 
-0.04360533192906724, 0.0, -0.008721066385813447, 383953000000, 
-0.04360533192906724, 0.0, -0.008721066385813447, 383953000000, 
-0.04360533192906724, 0.0, -0.008721066385813447, 383953000000, 
-0.04360533192906724, 0.0, -0.008721066385813447, 383953000000, 
-0.04360533192906724, 0.0, -0.008721066385813447, 383953000000, 
-0.04360533192906724, 0.0, -0.008721066385813447, 383953000000, 
-0.04360533192906724, 0.0, -0.008721066385813447, 383953000000, 
-0.04360533192906724, 0.0, -0.008721066385813447, 383953000000, 
-0.04360533192906724, 0.0, -0.008721066385813447, 383953000000, 
-0.04360533192906724, 0.0, -0.008721066385813447, 383953000000, 
-0.04360533192906724, 0.0, -0.008721066385813447, 383953000000, 
-0.04360533192906724, 0.0, -0.008721066385813447, 383953000000, 
-0.04360533192906724, 0.0, -0.008721066385813447, 383953000000, 
-0.04360533192906724, 0.0, -0.008721066385813447, 383953000000, 
-0.04360533192906724, 0.0, -0.008721066385813447, 383953000000, 
-0.04360533192906724, 0.0, -0.008721066385813447, 383953000000, 
-0.04360533192906724, 0.0, -0.008721066385813447, 383953000000, 
-0.04360533192906724, 0.0, -0.008721066385813447, 383953000000, 
-0.04360533192906724, 0.0, -0.008721066385813447, 383953000000, 
-0.04360533192906724, 0.0, -0.008721066385813447, 383953000000, 
-0.04360533192906724, 0.0, -0.008721066385813447, 383953000000, 
-0.04360533192906724, 0.0, -0.008721066385813447, 383953000000, 
-0.04360533192906724, 0.0, -0.008721066385813447, 383953000000, 
-0.04360533192906724, 0.0, -0.008721066385813447, 383953000000, 
-0.04360533192906724, 0.0, -0.008721066385813447, 383953000000, 
-0.04360533192906724, 0.0, -0.008721066385813447, 383953000000, 
-0.04360533192906724, 0.0, -0.008721066385813447, 383953000000, 
-0.04360533192906724, 0.0, -0.008721066385813447, 383953000000, 
-0.04360533192906724, 0.0, -0.008721066385813447, 383953000000, 
-0.04360533192906724, 0.0, -0.008721066385813447, 383953000000, 
-0.04360533192906724, 0.0, -0.008721066385813447, 383953000000, 
-0.04360533192906724, 0.0, -0.008721066385813447, 383953000000, 
-0.04360533192906724, 0.0, -0.008721066385813447, 383953000000, 
-0.04360533192906724, 0.0, -0.008721066385813447, 383953000000, 
-0.04360533192906724, 0.0, -0.008721066385813447, 383953000000, 
-0.04360533192906724, 0.0, -0.008721066385813447, 383953000000, 
-0.04360533192906724, 0.0, -0.008721066385813447, 383953000000, 
-0.04360533192906724, 0.0, -0.008721066385813447, 383953000000, 
-0.04360533192906724, 0.0, -0.008721066385813447, 383953000000, 
-0.04360533192906724, 0.0, -0.008721066385813447, 383953000000, 
-0.04360533192906724, 0.0, -0.008721066385813447, 383953000000, 
-0.04360533192906724, 0.0, -0.008721066385813447, 383953000000, 
-0.04360533192906724, 0.0, -0.008721066385813447, 383953000000, 
-0.04360533192906724, 0.0, -0.008721066385813447, 383953000000, 
-0.04360533192906724, 0.0, -0.008721066385813447, 383953000000, 
-0.04360533192906724, 0.0, -0.008721066385813447, 383953000000, 
-0.04360533192906724, 0.0, -0.008721066385813447, 383953000000, 
-0.04360533192906724, 0.0, -0.008721066385813447, 383953000000, 
-0.04360533192906724, 0.0, -0.008721066385813447, 383953000000, 
-0.04360533192906724, 0.0, -0.008721066385813447, 383953000000, 
-0.04360533192906724, 0.0, -0.008721066385813447, 383953000000, 
-0.04360533192906724, 0.0, -0.008721066385813447, 383953000000, 
-0.04360533192906724, 0.0, -0.008721066385813447, 383953000000, 
-0.04360533192906724, 0.0, -0.008721066385813447, 383953000000, 
-0.04360533192906724, 0.0, -0.008721066385813447, 383953000000, 
-0.04360533192906724, 0.0, -0.008721066385813447, 383953000000, 
-0.04360533192906724, 0.0, -0.008721066385813447, 383953000000, 
-0.04360533192906724, 0.0, -0.008721066385813447, 383953000000, 
-0.04360533192906724, 0.0, -0.008721066385813447, 383953000000, 
-0.04360533192906724, 0.0, -0.008721066385813447, 383953000000, 
-0.04360533192906724, 0.0, -0.008721066385813447, 383953000000, 
-0.04360533192906724, 0.0, -0.008721066385813447, 383953000000, 
-0.04360533192906724, 0.0, -0.008721066385813447, 383953000000, 
-0.04360533192906724, 0.0, -0.008721066385813447, 383953000000, 
-0.04360533192906724, 0.0, -0.008721066385813447, 383953000000, 
-0.04360533192906724, 0.0, -0.008721066385813447, 383953000000, 
-0.04360533192906724, 0.0, -0.008721066385813447, 383953000000, 
-0.04360533192906724, 0.0, -0.008721066385813447, 383953000000, 
-0.04360533192906724, 0.0, -0.008721066385813447, 383953000000, 
-0.04360533192906724, 0.0, -0.008721066385813447, 383953000000, 
-0.04360533192906724, 0.0, -0.008721066385813447, 383953000000, 
-0.04360533192906724, 0.0, -0.008721066385813447, 383953000000, 
-0.04360533192906724, 0.0, -0.008721066385813447, 383953000000, 
-0.04360533192906724, 0.0, -0.008721066385813447, 383953000000, 
-0.04360533192906724, 0.0, -0.008721066385813447, 383953000000, 
-0.04360533192906724, 0.0, -0.008721066385813447, 383953000000, 
-0.04360533192906724, 0.0, -0.008721066385813447, 383953000000, 
-0.04360533192906724, 0.0, -0.008721066385813447, 383953000000, 
-0.04360533192906724, 0.0, -0.008721066385813447, 383953000000, 
-0.04360533192906724, 0.0, -0.008721066385813447, 383953000000, 
-0.04360533192906724, 0.0, -0.008721066385813447, 383953000000, 
-0.04360533192906724, 0.0, -0.008721066385813447, 383953000000, 
-0.04360533192906724, 0.0, -0.008721066385813447, 383953000000, 
-0.04360533192906724, 0.0, -0.008721066385813447, 383953000000, 
-0.04360533192906724, 0.0, -0.008721066385813447, 383953000000, 
-0.04360533192906724, 0.0, -0.008721066385813447, 383953000000, 
-0.04360533192906724, 0.0, -0.008721066385813447, 383953000000, 
-0.04360533192906724, 0.0, -0.008721066385813447, 383953000000, 
-0.04360533192906724, 0.0, -0.008721066385813447, 383953000000, 
-0.04360533192906724, 0.0, -0.008721066385813447, 383953000000, 
-0.04360533192906724, 0.0, -0.008721066385813447, 383953000000, 
-0.04360533192906724, 0.0, -0.008721066385813447, 383953000000, 
-0.04360533192906724, 0.0, -0.008721066385813447, 383953000000, 
-0.04360533192906724, 0.0, -0.008721066385813447, 383953000000, 
-0.04360533192906724, 0.0, -0.008721066385813447, 383953000000, 
-0.04360533192906724, 0.0, -0.008721066385813447, 383953000000, 
-0.04360533192906724, 0.0, -0.008721066385813447, 383953000000, 
-0.04360533192906724, 0.0, -0.008721066385813447, 383953000000, 
-0.04360533192906724, 0.0, -0.008721066385813447, 383953000000, 
-0.04360533192906724, 0.0, -0.008721066385813447, 383953000000, 
-0.04360533192906724, 0.0, -0.008721066385813447, 383953000000, 
-0.04360533192906724, 0.0, -0.008721066385813447, 383953000000, 
-0.04360533192906724, 0.0, -0.008721066385813447, 383953000000, 
-0.04360533192906724, 0.0, -0.008721066385813447, 383953000000, 
-0.04360533192906724, 0.0, -0.008721066385813447, 383953000000, 
-0.04360533192906724, 0.0, -0.008721066385813447, 383953000000, 
-0.04360533192906724, 0.0, -0.008721066385813447, 383953000000, 
-0.04360533192906724, 0.0, -0.008721066385813447, 383953000000, 
-0.04360533192906724, 0.0, -0.008721066385813447, 383953000000, 
-0.04360533192906724, 0.0, -0.008721066385813447, 383953000000, 
-0.04360533192906724, 0.0, -0.008721066385813447, 383953000000, 
-0.04360533192906724, 0.0, -0.008721066385813447, 383953000000, 
-0.04360533192906724, 0.0, -0.008721066385813447, 383953000000, 
-0.04360533192906724, 0.0, -0.008721066385813447, 383953000000, 
-0.04360533192906724, 0.0, -0.008721066385813447, 383953000000, 
-0.04360533192906724, 0.0, -0.008721066385813447, 383953000000, 
-0.04360533192906724, 0.0, -0.008721066385813447, 383953000000, 
-0.04360533192906724, 0.0, -0.008721066385813447, 383953000000, 
-0.04360533192906724, 0.0, -0.008721066385813447, 383953000000, 
-0.04360533192906724, 0.0, -0.008721066385813447, 383953000000, 
-0.04360533192906724, 0.0, -0.008721066385813447, 383953000000, 
-0.04360533192906724, 0.0, -0.008721066385813447, 383953000000, 
-0.04360533192906724, 0.0, -0.008721066385813447, 383953000000, 
-0.04360533192906724, 0.0, -0.008721066385813447, 383953000000, 
-0.04360533192906724, 0.0, -0.008721066385813447, 383953000000, 
-0.04360533192906724, 0.0, -0.008721066385813447, 383953000000, 
-0.04360533192906724, 0.0, -0.008721066385813447, 383953000000, 
-0.04360533192906724, 0.0, -0.008721066385813447, 383953000000, 
-0.04360533192906724, 0.0, -0.008721066385813447, 383953000000, 
-0.04360533192906724, 0.0, -0.008721066385813447, 383953000000, 
-0.04360533192906724, 0.0, -0.008721066385813447, 383953000000, 
-0.04360533192906724, 0.0, -0.008721066385813447, 383953000000, 
-0.04360533192906724, 0.0, -0.008721066385813447, 383953000000, 
-0.04360533192906724, 0.0, -0.008721066385813447, 383953000000, 
-0.04360533192906724, 0.0, -0.008721066385813447, 383953000000, 
-0.04360533192906724, 0.0, -0.008721066385813447, 383953000000, 
-0.04360533192906724, 0.0, -0.008721066385813447, 383953000000, 
-0.04360533192906724, 0.0, -0.008721066385813447, 383953000000, 
-0.04360533192906724, 0.0, -0.008721066385813447, 383953000000, 
-0.04360533192906724, 0.0, -0.008721066385813447, 383953000000, 
-0.04360533192906724, 0.0, -0.008721066385813447, 383953000000, 
-0.04360533192906724, 0.0, -0.008721066385813447, 383953000000, 
-0.04360533192906724, 0.0, -0.008721066385813447, 383953000000, 
-0.04360533192906724, 0.0, -0.008721066385813447, 383953000000, 
-0.04360533192906724, 0.0, -0.008721066385813447, 383953000000, 
-0.04360533192906724, 0.0, -0.008721066385813447, 383953000000, 
-0.04360533192906724, 0.0, -0.008721066385813447, 383953000000, 
-0.04360533192906724, 0.0, -0.008721066385813447, 383953000000, 
-0.04360533192906724, 0.0, -0.008721066385813447, 383953000000, 
-0.04360533192906724, 0.0, -0.008721066385813447, 383953000000, 
-0.04360533192906724, 0.0, -0.008721066385813447, 383953000000, 
-0.04360533192906724, 0.0, -0.008721066385813447, 383953000000, 
-0.04360533192906724, 0.0, -0.008721066385813447, 383953000000, 
-0.04360533192906724, 0.0, -0.008721066385813447, 383953000000, 
-0.04360533192906724, 0.0, -0.008721066385813447, 383953000000, 
-0.04360533192906724, 0.0, -0.008721066385813447, 383953000000, 
-0.04360533192906724, 0.0, -0.008721066385813447, 383953000000, 
-0.04360533192906724, 0.0, -0.008721066385813447, 383953000000, 
-0.04360533192906724, 0.0, -0.008721066385813447, 383953000000, 
-0.04360533192906724, 0.0, -0.008721066385813447, 383953000000, 
-0.04360533192906724, 0.0, -0.008721066385813447, 383953000000, 
-0.04360533192906724, 0.0, -0.008721066385813447, 383953000000, 
-0.04360533192906724, 0.0, -0.008721066385813447, 383953000000, 
-0.04360533192906724, 0.0, -0.008721066385813447, 383953000000, 
-0.04360533192906724, 0.0, -0.008721066385813447, 383953000000, 
-0.04360533192906724, 0.0, -0.008721066385813447, 383953000000, 
-0.04360533192906724, 0.0, -0.008721066385813447, 383953000000, 
-0.04360533192906724, 0.0, -0.008721066385813447, 383953000000, 
-0.04360533192906724, 0.0, -0.008721066385813447, 383953000000, 
-0.04360533192906724, 0.0, -0.008721066385813447, 383953000000, 
-0.04360533192906724, 0.0, -0.008721066385813447, 383953000000, 
-0.04360533192906724, 0.0, -0.008721066385813447, 383953000000, 
-0.04360533192906724, 0.0, -0.008721066385813447, 383953000000, 
-0.04360533192906724, 0.0, -0.008721066385813447, 383953000000, 
-0.04360533192906724, 0.0, -0.008721066385813447, 383953000000, 
-0.04360533192906724, 0.0, -0.008721066385813447, 383953000000, 
-0.04360533192906724, 0.0, -0.008721066385813447, 383953000000, 
-0.04360533192906724, 0.0, -0.008721066385813447, 383953000000, 
-0.04360533192906724, 0.0, -0.008721066385813447, 383953000000, 
-0.04360533192906724, 0.0, -0.008721066385813447, 383953000000, 
-0.04360533192906724, 0.0, -0.008721066385813447, 383953000000, 
-0.04360533192906724, 0.0, -0.008721066385813447, 383953000000, 
-0.04360533192906724, 0.0, -0.008721066385813447, 383953000000, 
-0.04360533192906724, 0.0, -0.008721066385813447, 383953000000, 
-0.04360533192906724, 0.0, -0.008721066385813447, 383953000000, 
-0.04360533192906724, 0.0, -0.008721066385813447, 383953000000, 
-0.04360533192906724, 0.0, -0.008721066385813447, 383953000000, 
-0.04360533192906724, 0.0, -0.008721066385813447, 383953000000, 
-0.04360533192906724, 0.0, -0.008721066385813447, 383953000000, 
-0.04360533192906724, 0.0, -0.008721066385813447, 383953000000, 
-0.04360533192906724, 0.0, -0.008721066385813447, 383953000000, 
-0.04360533192906724, 0.0, -0.008721066385813447, 383953000000, 
-0.04360533192906724, 0.0, -0.008721066385813447, 383953000000, 
-0.04360533192906724, 0.0, -0.008721066385813447, 383953000000, 
-0.04360533192906724, 0.0, -0.008721066385813447, 383953000000, 
-0.04360533192906724, 0.0, -0.008721066385813447, 383953000000, 
-0.04360533192906724, 0.0, -0.008721066385813447, 383953000000, 
-0.04360533192906724, 0.0, -0.008721066385813447, 383953000000, 
-0.04360533192906724, 0.0, -0.008721066385813447, 383953000000, 
-0.04360533192906724, 0.0, -0.008721066385813447, 383953000000, 
-0.04360533192906724, 0.0, -0.008721066385813447, 383953000000, 
-0.04360533192906724, 0.0, -0.008721066385813447, 383953000000, 
-0.04360533192906724, 0.0, -0.008721066385813447, 383953000000, 
-0.04360533192906724, 0.0, -0.008721066385813447, 383953000000, 
-0.04360533192906724, 0.0, -0.008721066385813447, 383953000000, 
-0.04360533192906724, 0.0, -0.008721066385813447, 383953000000, 
-0.04360533192906724, 0.0, -0.008721066385813447, 383953000000, 
-0.04360533192906724, 0.0, -0.008721066385813447, 383953000000, 
-0.04360533192906724, 0.0, -0.008721066385813447, 383953000000, 
-0.04360533192906724, 0.0, -0.008721066385813447, 383953000000, 
-0.04360533192906724, 0.0, -0.008721066385813447, 383953000000, 
-0.04360533192906724, 0.0, -0.008721066385813447, 383953000000, 
-0.04360533192906724, 0.0, -0.008721066385813447, 383953000000, 
-0.04360533192906724, 0.0, -0.008721066385813447, 383953000000, 
-0.04360533192906724, 0.0, -0.008721066385813447, 383953000000, 
-0.04360533192906724, 0.0, -0.008721066385813447, 383953000000, 
-0.04360533192906724, 0.0, -0.008721066385813447, 383953000000, 
-0.04360533192906724, 0.0, -0.008721066385813447, 383953000000, 
-0.04360533192906724, 0.0, -0.008721066385813447, 383953000000, 
-0.04360533192906724, 0.0, -0.008721066385813447, 383953000000, 
-0.04360533192906724, 0.0, -0.008721066385813447, 383953000000, 
-0.04360533192906724, 0.0, -0.008721066385813447, 383953000000, 
-0.04360533192906724, 0.0, -0.008721066385813447, 383953000000, 
-0.04360533192906724, 0.0, -0.008721066385813447, 383953000000, 
-0.04360533192906724, 0.0, -0.008721066385813447, 383953000000, 
-0.04360533192906724, 0.0, -0.008721066385813447, 383953000000, 
-0.04360533192906724, 0.0, -0.008721066385813447, 383953000000, 
-0.04360533192906724, 0.0, -0.008721066385813447, 383953000000, 
-0.04360533192906724, 0.0, -0.008721066385813447, 383953000000, 
-0.04360533192906724, 0.0, -0.008721066385813447, 383953000000, 
-0.04360533192906724, 0.0, -0.008721066385813447, 383953000000, 
-0.04360533192906724, 0.0, -0.008721066385813447, 383953000000, 
-0.04360533192906724, 0.0, -0.008721066385813447, 383953000000, 
-0.04360533192906724, 0.0, -0.008721066385813447, 383953000000, 
-0.04360533192906724, 0.0, -0.008721066385813447, 383953000000, 
-0.04360533192906724, 0.0, -0.008721066385813447, 383953000000, 
-0.04360533192906724, 0.0, -0.008721066385813447, 383953000000, 
-0.04360533192906724, 0.0, -0.008721066385813447, 383953000000, 
-0.04360533192906724, 0.0, -0.008721066385813447, 383953000000, 
-0.04360533192906724, 0.0, -0.008721066385813447, 383953000000, 
-0.04360533192906724, 0.0, -0.008721066385813447, 383953000000, 
-0.04360533192906724, 0.0, -0.008721066385813447, 383953000000, 
-0.04360533192906724, 0.0, -0.008721066385813447, 383953000000, 
-0.04360533192906724, 0.0, -0.008721066385813447, 383953000000, 
-0.04360533192906724, 0.0, -0.008721066385813447, 383953000000, 
-0.04360533192906724, 0.0, -0.008721066385813447, 383953000000, 
-0.04360533192906724, 0.0, -0.008721066385813447, 383953000000, 
-0.04360533192906724, 0.0, -0.008721066385813447, 383953000000, 
-0.04360533192906724, 0.0, -0.008721066385813447, 383953000000, 
-0.04360533192906724, 0.0, -0.008721066385813447, 383953000000, 
-0.04360533192906724, 0.0, -0.008721066385813447, 383953000000, 
-0.04360533192906724, 0.0, -0.008721066385813447, 383953000000, 
-0.04360533192906724, 0.0, -0.008721066385813447, 383953000000, 
-0.04360533192906724, 0.0, -0.008721066385813447, 383953000000, 
-0.04360533192906724, 0.0, -0.008721066385813447, 383953000000, 
-0.04360533192906724, 0.0, -0.008721066385813447, 383953000000, 
-0.04360533192906724, 0.0, -0.008721066385813447, 383953000000, 
-0.04360533192906724, 0.0, -0.008721066385813447, 383953000000, 
-0.04360533192906724, 0.0, -0.008721066385813447, 383953000000, 
-0.04360533192906724, 0.0, -0.008721066385813447, 383953000000, 
-0.04360533192906724, 0.0, -0.008721066385813447, 383953000000, 
-0.04360533192906724, 0.0, -0.008721066385813447, 383953000000, 
-0.04360533192906724, 0.0, -0.008721066385813447, 383953000000, 
-0.04360533192906724, 0.0, -0.008721066385813447, 383953000000, 
-0.04360533192906724, 0.0, -0.008721066385813447, 383953000000, 
-0.04360533192906724, 0.0, -0.008721066385813447, 383953000000, 
-0.04360533192906724, 0.0, -0.008721066385813447, 383953000000, 
-0.04360533192906724, 0.0, -0.008721066385813447, 383953000000, 
-0.04360533192906724, 0.0, -0.008721066385813447, 383953000000, 
-0.04360533192906724, 0.0, -0.008721066385813447, 383953000000, 
-0.04360533192906724, 0.0, -0.008721066385813447, 383953000000, 
-0.04360533192906724, 0.0, -0.008721066385813447, 383953000000, 
-0.04360533192906724, 0.0, -0.008721066385813447, 383953000000, 
-0.04360533192906724, 0.0, -0.008721066385813447, 383953000000, 
-0.04360533192906724, 0.0, -0.008721066385813447, 383953000000, 
-0.04360533192906724, 0.0, -0.008721066385813447, 383953000000, 
-0.04360533192906724, 0.0, -0.008721066385813447, 383953000000, 
-0.04360533192906724, 0.0, -0.008721066385813447, 383953000000, 
-0.04360533192906724, 0.0, -0.008721066385813447, 383953000000, 
-0.04360533192906724, 0.0, -0.008721066385813447, 383953000000, 
-0.04360533192906724, 0.0, -0.008721066385813447, 383953000000, 
-0.04360533192906724, 0.0, -0.008721066385813447, 383953000000, 
-0.04360533192906724, 0.0, -0.008721066385813447, 383953000000, 
-0.04360533192906724, 0.0, -0.008721066385813447, 383953000000, 
-0.04360533192906724, 0.0, -0.008721066385813447, 383953000000, 
-0.04360533192906724, 0.0, -0.008721066385813447, 383953000000, 
-0.04360533192906724, 0.0, -0.008721066385813447, 383953000000, 
-0.04360533192906724, 0.0, -0.008721066385813447, 383953000000, 
-0.04360533192906724, 0.0, -0.008721066385813447, 383953000000, 
-0.04360533192906724, 0.0, -0.008721066385813447, 383953000000, 
-0.04360533192906724, 0.0, -0.008721066385813447, 383953000000, 
-0.04360533192906724, 0.0, -0.008721066385813447, 383953000000, 
-0.04360533192906724, 0.0, -0.008721066385813447, 383953000000, 
-0.04360533192906724, 0.0, -0.008721066385813447, 383953000000, 
-0.04360533192906724, 0.0, -0.008721066385813447, 383953000000, 
-0.04360533192906724, 0.0, -0.008721066385813447, 383953000000, 
-0.04360533192906724, 0.0, -0.008721066385813447, 383953000000, 
-0.04360533192906724, 0.0, -0.008721066385813447, 383953000000, 
-0.04360533192906724, 0.0, -0.008721066385813447, 383953000000, 
-0.04360533192906724, 0.0, -0.008721066385813447, 383953000000, 
-0.04360533192906724, 0.0, -0.008721066385813447, 383953000000, 
-0.04360533192906724, 0.0, -0.008721066385813447, 383953000000, 
-0.04360533192906724, 0.0, -0.008721066385813447, 383953000000, 
-0.04360533192906724, 0.0, -0.008721066385813447, 383953000000, 
-0.04360533192906724, 0.0, -0.008721066385813447, 383953000000, 
-0.04360533192906724, 0.0, -0.008721066385813447, 383953000000, 
-0.04360533192906724, 0.0, -0.008721066385813447, 383953000000, 
-0.04360533192906724, 0.0, -0.008721066385813447, 383953000000, 
-0.04360533192906724, 0.0, -0.008721066385813447, 383953000000, 
-0.04360533192906724, 0.0, -0.008721066385813447, 383953000000, 
-0.04360533192906724, 0.0, -0.008721066385813447, 383953000000, 
-0.04360533192906724, 0.0, -0.008721066385813447, 383953000000, 
-0.04360533192906724, 0.0, -0.008721066385813447, 383953000000, 
-0.04360533192906724, 0.0, -0.008721066385813447, 383953000000, 
-0.04360533192906724, 0.0, -0.008721066385813447, 383953000000, 
-0.04360533192906724, 0.0, -0.008721066385813447, 383953000000, 
-0.04360533192906724, 0.0, -0.008721066385813447, 383953000000, 
-0.04360533192906724, 0.0, -0.008721066385813447, 383953000000, 
-0.04360533192906724, 0.0, -0.008721066385813447, 383953000000, 
-0.04360533192906724, 0.0, -0.008721066385813447, 383953000000, 
-0.04360533192906724, 0.0, -0.008721066385813447, 383953000000, 
-0.04360533192906724, 0.0, -0.008721066385813447, 383953000000, 
-0.04360533192906724, 0.0, -0.008721066385813447, 383953000000, 
-0.04360533192906724, 0.0, -0.008721066385813447, 383953000000, 
-0.04360533192906724, 0.0, -0.008721066385813447, 383953000000, 
-0.04360533192906724, 0.0, -0.008721066385813447, 383953000000, 
-0.04360533192906724, 0.0, -0.008721066385813447, 383953000000, 
-0.04360533192906724, 0.0, -0.008721066385813447, 383953000000, 
-0.04360533192906724, 0.0, -0.008721066385813447, 383953000000, 
-0.04360533192906724, 0.0, -0.008721066385813447, 383953000000, 
-0.04360533192906724, 0.0, -0.008721066385813447, 383953000000, 
-0.04360533192906724, 0.0, -0.008721066385813447, 383953000000, 
-0.04360533192906724, 0.0, -0.008721066385813447, 383953000000, 
-0.04360533192906724, 0.0, -0.008721066385813447, 383953000000, 
-0.04360533192906724, 0.0, -0.008721066385813447, 383953000000, 
-0.04360533192906724, 0.0, -0.008721066385813447, 383953000000, 
-0.04360533192906724, 0.0, -0.008721066385813447, 383953000000, 
-0.04360533192906724, 0.0, -0.008721066385813447, 383953000000, 
-0.04360533192906724, 0.0, -0.008721066385813447, 383953000000, 
-0.04360533192906724, 0.0, -0.008721066385813447, 383953000000, 
-0.04360533192906724, 0.0, -0.008721066385813447, 383953000000, 
-0.04360533192906724, 0.0, -0.008721066385813447, 383953000000, 
-0.04360533192906724, 0.0, -0.008721066385813447, 383953000000, 
-0.04360533192906724, 0.0, -0.008721066385813447, 383953000000, 
-0.04360533192906724, 0.0, -0.008721066385813447, 383953000000, 
-0.04360533192906724, 0.0, -0.008721066385813447, 383953000000, 
-0.04360533192906724, 0.0, -0.008721066385813447, 383953000000, 
-0.04360533192906724, 0.0, -0.008721066385813447, 383953000000, 
-0.04360533192906724, 0.0, -0.008721066385813447, 383953000000, 
-0.04360533192906724, 0.0, -0.008721066385813447, 383953000000, 
-0.04360533192906724, 0.0, -0.008721066385813447, 383953000000, 
-0.04360533192906724, 0.0, -0.008721066385813447, 383953000000, 
-0.04360533192906724, 0.0, -0.008721066385813447, 383953000000, 
-0.04360533192906724, 0.0, -0.008721066385813447, 383953000000, 
-0.04360533192906724, 0.0, -0.008721066385813447, 383953000000, 
-0.04360533192906724, 0.0, -0.008721066385813447, 383953000000, 
-0.04360533192906724, 0.0, -0.008721066385813447, 383953000000, 
-0.04360533192906724, 0.0, -0.008721066385813447, 383953000000, 
-0.04360533192906724, 0.0, -0.008721066385813447, 383953000000, 
-0.04360533192906724, 0.0, -0.008721066385813447, 383953000000, 
-0.04360533192906724, 0.0, -0.008721066385813447, 383953000000, 
-0.04360533192906724, 0.0, -0.008721066385813447, 383953000000, 
-0.04360533192906724, 0.0, -0.008721066385813447, 383953000000, 
-0.04360533192906724, 0.0, -0.008721066385813447, 383953000000, 
-0.04360533192906724, 0.0, -0.008721066385813447, 383953000000, 
-0.04360533192906724, 0.0, -0.008721066385813447, 383953000000, 
-0.04360533192906724, 0.0, -0.008721066385813447, 383953000000, 
-0.04360533192906724, 0.0, -0.008721066385813447, 383953000000, 
-0.04360533192906724, 0.0, -0.008721066385813447, 383953000000, 
-0.04360533192906724, 0.0, -0.008721066385813447, 383953000000, 
-0.04360533192906724, 0.0, -0.008721066385813447, 383953000000, 
-0.04360533192906724, 0.0, -0.008721066385813447, 383953000000, 
-0.04360533192906724, 0.0, -0.008721066385813447, 383953000000, 
-0.04360533192906724, 0.0, -0.008721066385813447, 383953000000, 
-0.04360533192906724, 0.0, -0.008721066385813447, 383953000000, 
-0.04360533192906724, 0.0, -0.008721066385813447, 383953000000, 
-0.04360533192906724, 0.0, -0.008721066385813447, 383953000000, 
-0.04360533192906724, 0.0, -0.008721066385813447, 383953000000, 
-0.04360533192906724, 0.0, -0.008721066385813447, 383953000000, 
-0.04360533192906724, 0.0, -0.008721066385813447, 383953000000, 
-0.04360533192906724, 0.0, -0.008721066385813447, 383953000000, 
-0.04360533192906724, 0.0, -0.008721066385813447, 383953000000, 
-0.04360533192906724, 0.0, -0.008721066385813447, 383953000000, 
-0.04360533192906724, 0.0, -0.008721066385813447, 383953000000, 
-0.04360533192906724, 0.0, -0.008721066385813447, 383953000000, 
-0.04360533192906724, 0.0, -0.008721066385813447, 383953000000, 
-0.04360533192906724, 0.0, -0.008721066385813447, 383953000000, 
-0.04360533192906724, 0.0, -0.008721066385813447, 383953000000, 
-0.04360533192906724, 0.0, -0.008721066385813447, 383953000000, 
